feed_material_id,preferred_label,disposition,status,evidence,rationale
AOM_000536,Blood Ground,no_identified_bulk_state_conflict,reviewed,docs/decisions/0042-feed-process-and-material-state-axes.md,Grinding supports particle-size reduction but does not establish moisture condition or bulk consistency.
AOM_000537,Blood Dried Ground Heated,no_identified_bulk_state_conflict,reviewed,docs/decisions/0042-feed-process-and-material-state-axes.md,Grinding supports particle-size reduction but does not establish moisture condition or bulk consistency.
AOM_000539,Bone Ground,no_identified_bulk_state_conflict,reviewed,docs/decisions/0042-feed-process-and-material-state-axes.md,Grinding supports particle-size reduction but does not establish moisture condition or bulk consistency.
AOM_000543,Fish Ground,no_identified_bulk_state_conflict,reviewed,docs/decisions/0042-feed-process-and-material-state-axes.md,Grinding supports particle-size reduction but does not establish moisture condition or bulk consistency.
AOM_000550,African Palm Larvae Ground,no_identified_bulk_state_conflict,reviewed,docs/decisions/0042-feed-process-and-material-state-axes.md,Grinding supports particle-size reduction but does not establish moisture condition or bulk consistency.
AOM_000551,Black Soldier Fly Larvae Dried Ground,no_identified_bulk_state_conflict,reviewed,docs/decisions/0042-feed-process-and-material-state-axes.md,Grinding supports particle-size reduction but does not establish moisture condition or bulk consistency.
AOM_000552,Grasshopper Ground,no_identified_bulk_state_conflict,reviewed,docs/decisions/0042-feed-process-and-material-state-axes.md,Grinding supports particle-size reduction but does not establish moisture condition or bulk consistency.
AOM_000553,Winged Termite Ground,no_identified_bulk_state_conflict,reviewed,docs/decisions/0042-feed-process-and-material-state-axes.md,Grinding supports particle-size reduction but does not establish moisture condition or bulk consistency.
AOM_000567,Hominy Ground,no_identified_bulk_state_conflict,reviewed,docs/decisions/0042-feed-process-and-material-state-axes.md,Grinding supports particle-size reduction but does not establish moisture condition or bulk consistency.
AOM_000596,Date Seed Ground,no_identified_bulk_state_conflict,reviewed,docs/decisions/0042-feed-process-and-material-state-axes.md,Grinding supports particle-size reduction but does not establish moisture condition or bulk consistency.
AOM_000600,Watermelon Seed Ground,no_identified_bulk_state_conflict,reviewed,docs/decisions/0042-feed-process-and-material-state-axes.md,Grinding supports particle-size reduction but does not establish moisture condition or bulk consistency.
AOM_000606,Groundnut Husk Ground,no_identified_bulk_state_conflict,reviewed,docs/decisions/0042-feed-process-and-material-state-axes.md,Grinding supports particle-size reduction but does not establish moisture condition or bulk consistency.
AOM_000607,Groundnut Ground,no_identified_bulk_state_conflict,reviewed,docs/decisions/0042-feed-process-and-material-state-axes.md,Grinding supports particle-size reduction but does not establish moisture condition or bulk consistency.
AOM_000613,Soybean Ground,no_identified_bulk_state_conflict,reviewed,docs/decisions/0042-feed-process-and-material-state-axes.md,Grinding supports particle-size reduction but does not establish moisture condition or bulk consistency.
AOM_000625,Palm Kernel Ground,no_identified_bulk_state_conflict,reviewed,docs/decisions/0042-feed-process-and-material-state-axes.md,Grinding supports particle-size reduction but does not establish moisture condition or bulk consistency.
AOM_000656,Ground whole-grain rice,no_identified_bulk_state_conflict,reviewed,docs/decisions/0042-feed-process-and-material-state-axes.md,Grinding supports particle-size reduction but does not establish moisture condition or bulk consistency.
AOM_000660,Ground whole-grain wheat,no_identified_bulk_state_conflict,reviewed,docs/decisions/0042-feed-process-and-material-state-axes.md,Grinding supports particle-size reduction but does not establish moisture condition or bulk consistency.
AOM_000668,Soybean Ground Roasted,no_identified_bulk_state_conflict,reviewed,docs/decisions/0042-feed-process-and-material-state-axes.md,Grinding supports particle-size reduction but does not establish moisture condition or bulk consistency.
AOM_000675,Sunflower Seed Ground,no_identified_bulk_state_conflict,reviewed,docs/decisions/0042-feed-process-and-material-state-axes.md,Grinding supports particle-size reduction but does not establish moisture condition or bulk consistency.
AOM_000692,Grass Dried Ground,no_identified_bulk_state_conflict,reviewed,docs/decisions/0042-feed-process-and-material-state-axes.md,Grinding supports particle-size reduction but does not establish moisture condition or bulk consistency.
AOM_000709,Gmelina arborea Leaves Ground,no_identified_bulk_state_conflict,reviewed,docs/decisions/0042-feed-process-and-material-state-axes.md,Grinding supports particle-size reduction but does not establish moisture condition or bulk consistency.
AOM_000711,Moringa oleifera Leaves Ground,no_identified_bulk_state_conflict,reviewed,docs/decisions/0042-feed-process-and-material-state-axes.md,Grinding supports particle-size reduction but does not establish moisture condition or bulk consistency.
AOM_000714,Prosopis juliflora Dried Ground,no_identified_bulk_state_conflict,reviewed,docs/decisions/0042-feed-process-and-material-state-axes.md,Grinding supports particle-size reduction but does not establish moisture condition or bulk consistency.
AOM_000733,Siam Weed Leaves Ground,no_identified_bulk_state_conflict,reviewed,docs/decisions/0042-feed-process-and-material-state-axes.md,Grinding supports particle-size reduction but does not establish moisture condition or bulk consistency.
AOM_001096,Chicken Ground,no_identified_bulk_state_conflict,reviewed,docs/decisions/0042-feed-process-and-material-state-axes.md,Grinding supports particle-size reduction but does not establish moisture condition or bulk consistency.
AOM_001098,Fish Boiled Ground,no_identified_bulk_state_conflict,reviewed,docs/decisions/0042-feed-process-and-material-state-axes.md,Grinding supports particle-size reduction but does not establish moisture condition or bulk consistency.
AOM_001099,Feather Ground,no_identified_bulk_state_conflict,reviewed,docs/decisions/0042-feed-process-and-material-state-axes.md,Grinding supports particle-size reduction but does not establish moisture condition or bulk consistency.
AOM_001100,Fish Ground Roasted,no_identified_bulk_state_conflict,reviewed,docs/decisions/0042-feed-process-and-material-state-axes.md,Grinding supports particle-size reduction but does not establish moisture condition or bulk consistency.
AOM_001101,Fish Dried Ground,no_identified_bulk_state_conflict,reviewed,docs/decisions/0042-feed-process-and-material-state-axes.md,Grinding supports particle-size reduction but does not establish moisture condition or bulk consistency.
AOM_001107,Meat and Bone Ground,no_identified_bulk_state_conflict,reviewed,docs/decisions/0042-feed-process-and-material-state-axes.md,Grinding supports particle-size reduction but does not establish moisture condition or bulk consistency.
AOM_001108,Oryctes rhinoceros Ground,no_identified_bulk_state_conflict,reviewed,docs/decisions/0042-feed-process-and-material-state-axes.md,Grinding supports particle-size reduction but does not establish moisture condition or bulk consistency.
AOM_001111,Termite Ground,no_identified_bulk_state_conflict,reviewed,docs/decisions/0042-feed-process-and-material-state-axes.md,Grinding supports particle-size reduction but does not establish moisture condition or bulk consistency.
AOM_001112,Shrimp Ground,no_identified_bulk_state_conflict,reviewed,docs/decisions/0042-feed-process-and-material-state-axes.md,Grinding supports particle-size reduction but does not establish moisture condition or bulk consistency.
AOM_001113,Giant Snail Ground,no_identified_bulk_state_conflict,reviewed,docs/decisions/0042-feed-process-and-material-state-axes.md,Grinding supports particle-size reduction but does not establish moisture condition or bulk consistency.
AOM_001116,Tuna Waste Ground,no_identified_bulk_state_conflict,reviewed,docs/decisions/0042-feed-process-and-material-state-axes.md,Grinding supports particle-size reduction but does not establish moisture condition or bulk consistency.
AOM_001155,Jatropha curcas Kernel Ground,no_identified_bulk_state_conflict,reviewed,docs/decisions/0042-feed-process-and-material-state-axes.md,Grinding supports particle-size reduction but does not establish moisture condition or bulk consistency.
AOM_001157,Jatropha curcas Seed Ground,no_identified_bulk_state_conflict,reviewed,docs/decisions/0042-feed-process-and-material-state-axes.md,Grinding supports particle-size reduction but does not establish moisture condition or bulk consistency.
AOM_001168,Opuntia ficus indica Ground,no_identified_bulk_state_conflict,reviewed,docs/decisions/0042-feed-process-and-material-state-axes.md,Grinding supports particle-size reduction but does not establish moisture condition or bulk consistency.
AOM_001184,Cocoa Pods Husk Ground,no_identified_bulk_state_conflict,reviewed,docs/decisions/0042-feed-process-and-material-state-axes.md,Grinding supports particle-size reduction but does not establish moisture condition or bulk consistency.
AOM_001191,Noug Seed Ground,no_identified_bulk_state_conflict,reviewed,docs/decisions/0042-feed-process-and-material-state-axes.md,Grinding supports particle-size reduction but does not establish moisture condition or bulk consistency.
AOM_001200,Breadfruit Ground,no_identified_bulk_state_conflict,reviewed,docs/decisions/0042-feed-process-and-material-state-axes.md,Grinding supports particle-size reduction but does not establish moisture condition or bulk consistency.
AOM_001253,Cotton Seed Cake Dried Ground,no_identified_bulk_state_conflict,reviewed,docs/decisions/0042-feed-process-and-material-state-axes.md,Grinding supports particle-size reduction but does not establish moisture condition or bulk consistency.
AOM_001257,Fluted Pumpkin Leaves Ground,no_identified_bulk_state_conflict,reviewed,docs/decisions/0042-feed-process-and-material-state-axes.md,Grinding supports particle-size reduction but does not establish moisture condition or bulk consistency.
AOM_001261,Wheat Ground Remoulage,no_identified_bulk_state_conflict,reviewed,docs/decisions/0042-feed-process-and-material-state-axes.md,Grinding supports particle-size reduction but does not establish moisture condition or bulk consistency.
AOM_001276,Sorghum Ground,no_identified_bulk_state_conflict,reviewed,docs/decisions/0042-feed-process-and-material-state-axes.md,Grinding supports particle-size reduction but does not establish moisture condition or bulk consistency.
AOM_001279,Sesame Seed Cake Ground Roasted,no_identified_bulk_state_conflict,reviewed,docs/decisions/0042-feed-process-and-material-state-axes.md,Grinding supports particle-size reduction but does not establish moisture condition or bulk consistency.
AOM_001293,Maize Gluten Ground,no_identified_bulk_state_conflict,reviewed,docs/decisions/0042-feed-process-and-material-state-axes.md,Grinding supports particle-size reduction but does not establish moisture condition or bulk consistency.
AOM_001295,Maize Germ Ground,no_identified_bulk_state_conflict,reviewed,docs/decisions/0042-feed-process-and-material-state-axes.md,Grinding supports particle-size reduction but does not establish moisture condition or bulk consistency.
AOM_001300,Arugula Seed Ground,no_identified_bulk_state_conflict,reviewed,docs/decisions/0042-feed-process-and-material-state-axes.md,Grinding supports particle-size reduction but does not establish moisture condition or bulk consistency.
AOM_001301,Linseed Cake Ground,no_identified_bulk_state_conflict,reviewed,docs/decisions/0042-feed-process-and-material-state-axes.md,Grinding supports particle-size reduction but does not establish moisture condition or bulk consistency.
AOM_001304,Noug Ground,no_identified_bulk_state_conflict,reviewed,docs/decisions/0042-feed-process-and-material-state-axes.md,Grinding supports particle-size reduction but does not establish moisture condition or bulk consistency.
AOM_001306,Coconut Ground,no_identified_bulk_state_conflict,reviewed,docs/decisions/0042-feed-process-and-material-state-axes.md,Grinding supports particle-size reduction but does not establish moisture condition or bulk consistency.
AOM_001307,Canola Ground,no_identified_bulk_state_conflict,reviewed,docs/decisions/0042-feed-process-and-material-state-axes.md,Grinding supports particle-size reduction but does not establish moisture condition or bulk consistency.
AOM_001321,Safflower Ground,no_identified_bulk_state_conflict,reviewed,docs/decisions/0042-feed-process-and-material-state-axes.md,Grinding supports particle-size reduction but does not establish moisture condition or bulk consistency.
AOM_001322,Cassava Ground,no_identified_bulk_state_conflict,reviewed,docs/decisions/0042-feed-process-and-material-state-axes.md,Grinding supports particle-size reduction but does not establish moisture condition or bulk consistency.
AOM_001323,Coffee Ground Roasted,no_identified_bulk_state_conflict,reviewed,docs/decisions/0042-feed-process-and-material-state-axes.md,Grinding supports particle-size reduction but does not establish moisture condition or bulk consistency.
AOM_001324,Ground whole-grain maize,no_identified_bulk_state_conflict,reviewed,docs/decisions/0042-feed-process-and-material-state-axes.md,Grinding supports particle-size reduction but does not establish moisture condition or bulk consistency.
AOM_001332,Oat Ground,no_identified_bulk_state_conflict,reviewed,docs/decisions/0042-feed-process-and-material-state-axes.md,Grinding supports particle-size reduction but does not establish moisture condition or bulk consistency.
AOM_001335,Sesame Ground,no_identified_bulk_state_conflict,reviewed,docs/decisions/0042-feed-process-and-material-state-axes.md,Grinding supports particle-size reduction but does not establish moisture condition or bulk consistency.
AOM_001336,Sesame Seed Ground,no_identified_bulk_state_conflict,reviewed,docs/decisions/0042-feed-process-and-material-state-axes.md,Grinding supports particle-size reduction but does not establish moisture condition or bulk consistency.
AOM_001337,Sunflower Ground,no_identified_bulk_state_conflict,reviewed,docs/decisions/0042-feed-process-and-material-state-axes.md,Grinding supports particle-size reduction but does not establish moisture condition or bulk consistency.
AOM_001346,Wheat Ground,no_identified_bulk_state_conflict,reviewed,docs/decisions/0042-feed-process-and-material-state-axes.md,Grinding supports particle-size reduction but does not establish moisture condition or bulk consistency.
AOM_001347,Winged Bean Autoclaved Ground,no_identified_bulk_state_conflict,reviewed,docs/decisions/0042-feed-process-and-material-state-axes.md,Grinding supports particle-size reduction but does not establish moisture condition or bulk consistency.
AOM_001348,Winged Bean Ground Roasted,no_identified_bulk_state_conflict,reviewed,docs/decisions/0042-feed-process-and-material-state-axes.md,Grinding supports particle-size reduction but does not establish moisture condition or bulk consistency.
AOM_001358,Black Cumin Ground,no_identified_bulk_state_conflict,reviewed,docs/decisions/0042-feed-process-and-material-state-axes.md,Grinding supports particle-size reduction but does not establish moisture condition or bulk consistency.
AOM_001366,Guar Gum Ground,no_identified_bulk_state_conflict,reviewed,docs/decisions/0042-feed-process-and-material-state-axes.md,Grinding supports particle-size reduction but does not establish moisture condition or bulk consistency.
AOM_001375,Choline Cloride Ground,no_identified_bulk_state_conflict,reviewed,docs/decisions/0042-feed-process-and-material-state-axes.md,Grinding supports particle-size reduction but does not establish moisture condition or bulk consistency.
AOM_001411,Pennisetum clandestinum Ground,no_identified_bulk_state_conflict,reviewed,docs/decisions/0042-feed-process-and-material-state-axes.md,Grinding supports particle-size reduction but does not establish moisture condition or bulk consistency.
AOM_001534,Amaranthus cruentus Leaves Ground,no_identified_bulk_state_conflict,reviewed,docs/decisions/0042-feed-process-and-material-state-axes.md,Grinding supports particle-size reduction but does not establish moisture condition or bulk consistency.
AOM_001564,Ulva rigida Ground,no_identified_bulk_state_conflict,reviewed,docs/decisions/0042-feed-process-and-material-state-axes.md,Grinding supports particle-size reduction but does not establish moisture condition or bulk consistency.
AOM_001583,Soybean Autoclaved Ground,no_identified_bulk_state_conflict,reviewed,docs/decisions/0042-feed-process-and-material-state-axes.md,Grinding supports particle-size reduction but does not establish moisture condition or bulk consistency.
AOM_001599,Acacia sieberiana Dried Ensiled Ground,no_identified_bulk_state_conflict,reviewed,docs/decisions/0042-feed-process-and-material-state-axes.md,Grinding supports particle-size reduction but does not establish moisture condition or bulk consistency.
AOM_001601,Acacia tortilis Pods Ground,no_identified_bulk_state_conflict,reviewed,docs/decisions/0042-feed-process-and-material-state-axes.md,Grinding supports particle-size reduction but does not establish moisture condition or bulk consistency.
AOM_001605,African Palm Larvae Dried Ground,no_identified_bulk_state_conflict,reviewed,docs/decisions/0042-feed-process-and-material-state-axes.md,Grinding supports particle-size reduction but does not establish moisture condition or bulk consistency.
AOM_001610,Oyster Shells Ground,no_identified_bulk_state_conflict,reviewed,docs/decisions/0042-feed-process-and-material-state-axes.md,Grinding supports particle-size reduction but does not establish moisture condition or bulk consistency.
AOM_001613,Barley Ground,no_identified_bulk_state_conflict,reviewed,docs/decisions/0042-feed-process-and-material-state-axes.md,Grinding supports particle-size reduction but does not establish moisture condition or bulk consistency.
AOM_001615,Maize Sheath Ground,no_identified_bulk_state_conflict,reviewed,docs/decisions/0042-feed-process-and-material-state-axes.md,Grinding supports particle-size reduction but does not establish moisture condition or bulk consistency.
AOM_001617,Maize Straw Dried Ground,no_identified_bulk_state_conflict,reviewed,docs/decisions/0042-feed-process-and-material-state-axes.md,Grinding supports particle-size reduction but does not establish moisture condition or bulk consistency.
AOM_001622,Wheat Bran Ground,no_identified_bulk_state_conflict,reviewed,docs/decisions/0042-feed-process-and-material-state-axes.md,Grinding supports particle-size reduction but does not establish moisture condition or bulk consistency.
AOM_001623,Wheat Offal Ground,no_identified_bulk_state_conflict,reviewed,docs/decisions/0042-feed-process-and-material-state-axes.md,Grinding supports particle-size reduction but does not establish moisture condition or bulk consistency.
AOM_001635,Chloris gayana Dried Ground,no_identified_bulk_state_conflict,reviewed,docs/decisions/0042-feed-process-and-material-state-axes.md,Grinding supports particle-size reduction but does not establish moisture condition or bulk consistency.
AOM_001637,Chromolaena odorata Leaves Dried Ground,no_identified_bulk_state_conflict,reviewed,docs/decisions/0042-feed-process-and-material-state-axes.md,Grinding supports particle-size reduction but does not establish moisture condition or bulk consistency.
AOM_001642,Cotton Seed Decorticated Ground,no_identified_bulk_state_conflict,reviewed,docs/decisions/0042-feed-process-and-material-state-axes.md,Grinding supports particle-size reduction but does not establish moisture condition or bulk consistency.
AOM_001643,Cotton Seed Ground,no_identified_bulk_state_conflict,reviewed,docs/decisions/0042-feed-process-and-material-state-axes.md,Grinding supports particle-size reduction but does not establish moisture condition or bulk consistency.
AOM_001644,Cotton Seed Cake Ground,no_identified_bulk_state_conflict,reviewed,docs/decisions/0042-feed-process-and-material-state-axes.md,Grinding supports particle-size reduction but does not establish moisture condition or bulk consistency.
AOM_001647,Cassava Leaves Dried Ground,no_identified_bulk_state_conflict,reviewed,docs/decisions/0042-feed-process-and-material-state-axes.md,Grinding supports particle-size reduction but does not establish moisture condition or bulk consistency.
AOM_001656,Maize Dried Ground,no_identified_bulk_state_conflict,reviewed,docs/decisions/0042-feed-process-and-material-state-axes.md,Grinding supports particle-size reduction but does not establish moisture condition or bulk consistency.
AOM_001657,Ficus thonningii Leaves Ground,no_identified_bulk_state_conflict,reviewed,docs/decisions/0042-feed-process-and-material-state-axes.md,Grinding supports particle-size reduction but does not establish moisture condition or bulk consistency.
AOM_001658,Fish Dried Ground Heated,no_identified_bulk_state_conflict,reviewed,docs/decisions/0042-feed-process-and-material-state-axes.md,Grinding supports particle-size reduction but does not establish moisture condition or bulk consistency.
AOM_001660,Groundnut Cake Ground,no_identified_bulk_state_conflict,reviewed,docs/decisions/0042-feed-process-and-material-state-axes.md,Grinding supports particle-size reduction but does not establish moisture condition or bulk consistency.
AOM_001664,Ulva rigida Dried Ground,no_identified_bulk_state_conflict,reviewed,docs/decisions/0042-feed-process-and-material-state-axes.md,Grinding supports particle-size reduction but does not establish moisture condition or bulk consistency.
AOM_001669,Leucaena leucocephala Dried Ground,no_identified_bulk_state_conflict,reviewed,docs/decisions/0042-feed-process-and-material-state-axes.md,Grinding supports particle-size reduction but does not establish moisture condition or bulk consistency.
AOM_001674,Maize Ground,no_identified_bulk_state_conflict,reviewed,docs/decisions/0042-feed-process-and-material-state-axes.md,Grinding supports particle-size reduction but does not establish moisture condition or bulk consistency.
AOM_001679,Maize Grain Ground,no_identified_bulk_state_conflict,reviewed,docs/decisions/0042-feed-process-and-material-state-axes.md,Grinding supports particle-size reduction but does not establish moisture condition or bulk consistency.
AOM_001681,Pennisetum purpureum Dried Ground,no_identified_bulk_state_conflict,reviewed,docs/decisions/0042-feed-process-and-material-state-axes.md,Grinding supports particle-size reduction but does not establish moisture condition or bulk consistency.
AOM_001682,Maize Straw Ground,no_identified_bulk_state_conflict,reviewed,docs/decisions/0042-feed-process-and-material-state-axes.md,Grinding supports particle-size reduction but does not establish moisture condition or bulk consistency.
AOM_001684,Maize Straw Dried Ensiled Ground Urea Treated,no_identified_bulk_state_conflict,reviewed,docs/decisions/0042-feed-process-and-material-state-axes.md,Grinding supports particle-size reduction but does not establish moisture condition or bulk consistency.
AOM_001688,Maize Straw Ground Urea Treated,no_identified_bulk_state_conflict,reviewed,docs/decisions/0042-feed-process-and-material-state-axes.md,Grinding supports particle-size reduction but does not establish moisture condition or bulk consistency.
AOM_001693,Mango Seed Dried Ground,no_identified_bulk_state_conflict,reviewed,docs/decisions/0042-feed-process-and-material-state-axes.md,Grinding supports particle-size reduction but does not establish moisture condition or bulk consistency.
AOM_001694,Mango Seed Kernel Dried Ground,no_identified_bulk_state_conflict,reviewed,docs/decisions/0042-feed-process-and-material-state-axes.md,Grinding supports particle-size reduction but does not establish moisture condition or bulk consistency.
AOM_001700,Noug Cake Ground,no_identified_bulk_state_conflict,reviewed,docs/decisions/0042-feed-process-and-material-state-axes.md,Grinding supports particle-size reduction but does not establish moisture condition or bulk consistency.
AOM_001701,Calliandra calothyrsus Leaves Dried Ground,no_identified_bulk_state_conflict,reviewed,docs/decisions/0042-feed-process-and-material-state-axes.md,Grinding supports particle-size reduction but does not establish moisture condition or bulk consistency.
AOM_001702,Oat Leaves Dried Ground,no_identified_bulk_state_conflict,reviewed,docs/decisions/0042-feed-process-and-material-state-axes.md,Grinding supports particle-size reduction but does not establish moisture condition or bulk consistency.
AOM_001708,Palm Kernel Dried Ground,no_identified_bulk_state_conflict,reviewed,docs/decisions/0042-feed-process-and-material-state-axes.md,Grinding supports particle-size reduction but does not establish moisture condition or bulk consistency.
AOM_001714,Pennisetum clandestinum Dried Ground,no_identified_bulk_state_conflict,reviewed,docs/decisions/0042-feed-process-and-material-state-axes.md,Grinding supports particle-size reduction but does not establish moisture condition or bulk consistency.
AOM_001718,Pennisetum pedicellatum Dried Ground,no_identified_bulk_state_conflict,reviewed,docs/decisions/0042-feed-process-and-material-state-axes.md,Grinding supports particle-size reduction but does not establish moisture condition or bulk consistency.
AOM_001720,Pennisetum purpureum Ground,no_identified_bulk_state_conflict,reviewed,docs/decisions/0042-feed-process-and-material-state-axes.md,Grinding supports particle-size reduction but does not establish moisture condition or bulk consistency.
AOM_001730,Prosopis juliflora Pods Ground,no_identified_bulk_state_conflict,reviewed,docs/decisions/0042-feed-process-and-material-state-axes.md,Grinding supports particle-size reduction but does not establish moisture condition or bulk consistency.
AOM_001734,Macroptilium atropurpureum Dried Ground,no_identified_bulk_state_conflict,reviewed,docs/decisions/0042-feed-process-and-material-state-axes.md,Grinding supports particle-size reduction but does not establish moisture condition or bulk consistency.
AOM_001736,Stylosanthes guianensis Dried Ground,no_identified_bulk_state_conflict,reviewed,docs/decisions/0042-feed-process-and-material-state-axes.md,Grinding supports particle-size reduction but does not establish moisture condition or bulk consistency.
AOM_001737,Stylosanthes hamata Cake Ground Roasted,no_identified_bulk_state_conflict,reviewed,docs/decisions/0042-feed-process-and-material-state-axes.md,Grinding supports particle-size reduction but does not establish moisture condition or bulk consistency.
AOM_001746,Dicalcium Phosphate Dried Ground,no_identified_bulk_state_conflict,reviewed,docs/decisions/0042-feed-process-and-material-state-axes.md,Grinding supports particle-size reduction but does not establish moisture condition or bulk consistency.
AOM_001750,Wheat Straw Ground,no_identified_bulk_state_conflict,reviewed,docs/decisions/0042-feed-process-and-material-state-axes.md,Grinding supports particle-size reduction but does not establish moisture condition or bulk consistency.
AOM_001752,Winged Bean Ground,no_identified_bulk_state_conflict,reviewed,docs/decisions/0042-feed-process-and-material-state-axes.md,Grinding supports particle-size reduction but does not establish moisture condition or bulk consistency.
AOM_001765,Acacia karroo Leaves Dried Ground,no_identified_bulk_state_conflict,reviewed,docs/decisions/0042-feed-process-and-material-state-axes.md,Grinding supports particle-size reduction but does not establish moisture condition or bulk consistency.
AOM_001768,Acacia polyacantha Leaves Dried Ground,no_identified_bulk_state_conflict,reviewed,docs/decisions/0042-feed-process-and-material-state-axes.md,Grinding supports particle-size reduction but does not establish moisture condition or bulk consistency.
AOM_001774,Alfalfa Dried Ground,no_identified_bulk_state_conflict,reviewed,docs/decisions/0042-feed-process-and-material-state-axes.md,Grinding supports particle-size reduction but does not establish moisture condition or bulk consistency.
AOM_001779,Soybean Pulp Ground,no_identified_bulk_state_conflict,reviewed,docs/decisions/0042-feed-process-and-material-state-axes.md,Grinding supports particle-size reduction but does not establish moisture condition or bulk consistency.
AOM_001782,Lippia javanica Leaves Dried Ground,no_identified_bulk_state_conflict,reviewed,docs/decisions/0042-feed-process-and-material-state-axes.md,Grinding supports particle-size reduction but does not establish moisture condition or bulk consistency.
AOM_001799,Gliciridia sepium Ground,no_identified_bulk_state_conflict,reviewed,docs/decisions/0042-feed-process-and-material-state-axes.md,Grinding supports particle-size reduction but does not establish moisture condition or bulk consistency.
AOM_001803,Cassava Peel Dried Ground,no_identified_bulk_state_conflict,reviewed,docs/decisions/0042-feed-process-and-material-state-axes.md,Grinding supports particle-size reduction but does not establish moisture condition or bulk consistency.
AOM_001804,Acacia nilotica Leaves Dried Ground,no_identified_bulk_state_conflict,reviewed,docs/decisions/0042-feed-process-and-material-state-axes.md,Grinding supports particle-size reduction but does not establish moisture condition or bulk consistency.
AOM_001816,Date Cull Dried Ground,no_identified_bulk_state_conflict,reviewed,docs/decisions/0042-feed-process-and-material-state-axes.md,Grinding supports particle-size reduction but does not establish moisture condition or bulk consistency.
AOM_001829,Biscuit Waste Ground,no_identified_bulk_state_conflict,reviewed,docs/decisions/0042-feed-process-and-material-state-axes.md,Grinding supports particle-size reduction but does not establish moisture condition or bulk consistency.
AOM_001830,Biscuit Waste Dried Ground,no_identified_bulk_state_conflict,reviewed,docs/decisions/0042-feed-process-and-material-state-axes.md,Grinding supports particle-size reduction but does not establish moisture condition or bulk consistency.
AOM_001841,Trifolium Ground,no_identified_bulk_state_conflict,reviewed,docs/decisions/0042-feed-process-and-material-state-axes.md,Grinding supports particle-size reduction but does not establish moisture condition or bulk consistency.
AOM_001844,Maize Bran Ground,no_identified_bulk_state_conflict,reviewed,docs/decisions/0042-feed-process-and-material-state-axes.md,Grinding supports particle-size reduction but does not establish moisture condition or bulk consistency.
AOM_001849,Ficus sur Fruits Dried Ground,no_identified_bulk_state_conflict,reviewed,docs/decisions/0042-feed-process-and-material-state-axes.md,Grinding supports particle-size reduction but does not establish moisture condition or bulk consistency.
AOM_001852,Water Hyacinth Dried Ground,no_identified_bulk_state_conflict,reviewed,docs/decisions/0042-feed-process-and-material-state-axes.md,Grinding supports particle-size reduction but does not establish moisture condition or bulk consistency.
AOM_001863,Chromolaena odorata Leaves Ground,no_identified_bulk_state_conflict,reviewed,docs/decisions/0042-feed-process-and-material-state-axes.md,Grinding supports particle-size reduction but does not establish moisture condition or bulk consistency.
AOM_001878,Clupeid Fish Ground,no_identified_bulk_state_conflict,reviewed,docs/decisions/0042-feed-process-and-material-state-axes.md,Grinding supports particle-size reduction but does not establish moisture condition or bulk consistency.
AOM_001881,Herring Ground,no_identified_bulk_state_conflict,reviewed,docs/decisions/0042-feed-process-and-material-state-axes.md,Grinding supports particle-size reduction but does not establish moisture condition or bulk consistency.
AOM_001883,Unspecified Bran Ground,no_identified_bulk_state_conflict,reviewed,docs/decisions/0042-feed-process-and-material-state-axes.md,Grinding supports particle-size reduction but does not establish moisture condition or bulk consistency.
AOM_001888,Mango Seed Kernel Ground,no_identified_bulk_state_conflict,reviewed,docs/decisions/0042-feed-process-and-material-state-axes.md,Grinding supports particle-size reduction but does not establish moisture condition or bulk consistency.
AOM_001894,Sunflower Seed Cake Ground,no_identified_bulk_state_conflict,reviewed,docs/decisions/0042-feed-process-and-material-state-axes.md,Grinding supports particle-size reduction but does not establish moisture condition or bulk consistency.
AOM_001909,Black Cumin Seed Ground,no_identified_bulk_state_conflict,reviewed,docs/decisions/0042-feed-process-and-material-state-axes.md,Grinding supports particle-size reduction but does not establish moisture condition or bulk consistency.
AOM_001910,Unspecified Grass Dried Ground,no_identified_bulk_state_conflict,reviewed,docs/decisions/0042-feed-process-and-material-state-axes.md,Grinding supports particle-size reduction but does not establish moisture condition or bulk consistency.
AOM_001913,Moringa oleifera Leaves Dried Ground,no_identified_bulk_state_conflict,reviewed,docs/decisions/0042-feed-process-and-material-state-axes.md,Grinding supports particle-size reduction but does not establish moisture condition or bulk consistency.
AOM_001924,Shrimp Heads Ground,no_identified_bulk_state_conflict,reviewed,docs/decisions/0042-feed-process-and-material-state-axes.md,Grinding supports particle-size reduction but does not establish moisture condition or bulk consistency.
AOM_001925,Fish Boiled Dried Ground,no_identified_bulk_state_conflict,reviewed,docs/decisions/0042-feed-process-and-material-state-axes.md,Grinding supports particle-size reduction but does not establish moisture condition or bulk consistency.
AOM_001926,Menhaden Ground,no_identified_bulk_state_conflict,reviewed,docs/decisions/0042-feed-process-and-material-state-axes.md,Grinding supports particle-size reduction but does not establish moisture condition or bulk consistency.
AOM_001929,Sardine Ground,no_identified_bulk_state_conflict,reviewed,docs/decisions/0042-feed-process-and-material-state-axes.md,Grinding supports particle-size reduction but does not establish moisture condition or bulk consistency.
AOM_001931,Tuna Ground,no_identified_bulk_state_conflict,reviewed,docs/decisions/0042-feed-process-and-material-state-axes.md,Grinding supports particle-size reduction but does not establish moisture condition or bulk consistency.
AOM_001932,Housefly Maggot Dried Ground,no_identified_bulk_state_conflict,reviewed,docs/decisions/0042-feed-process-and-material-state-axes.md,Grinding supports particle-size reduction but does not establish moisture condition or bulk consistency.
AOM_001933,Termite Dried Ground,no_identified_bulk_state_conflict,reviewed,docs/decisions/0042-feed-process-and-material-state-axes.md,Grinding supports particle-size reduction but does not establish moisture condition or bulk consistency.
AOM_001934,Winged Termite Dried Ground,no_identified_bulk_state_conflict,reviewed,docs/decisions/0042-feed-process-and-material-state-axes.md,Grinding supports particle-size reduction but does not establish moisture condition or bulk consistency.
AOM_001937,Giant Snail Boiled Dried Ground,no_identified_bulk_state_conflict,reviewed,docs/decisions/0042-feed-process-and-material-state-axes.md,Grinding supports particle-size reduction but does not establish moisture condition or bulk consistency.
AOM_001938,Chicken Offal Dried Ground,no_identified_bulk_state_conflict,reviewed,docs/decisions/0042-feed-process-and-material-state-axes.md,Grinding supports particle-size reduction but does not establish moisture condition or bulk consistency.
AOM_001939,Rumen Contents Dried Ground,no_identified_bulk_state_conflict,reviewed,docs/decisions/0042-feed-process-and-material-state-axes.md,Grinding supports particle-size reduction but does not establish moisture condition or bulk consistency.
AOM_001940,Chicken Manure Dried Ground,no_identified_bulk_state_conflict,reviewed,docs/decisions/0042-feed-process-and-material-state-axes.md,Grinding supports particle-size reduction but does not establish moisture condition or bulk consistency.
AOM_001941,Poultry Litter Dried Ground,no_identified_bulk_state_conflict,reviewed,docs/decisions/0042-feed-process-and-material-state-axes.md,Grinding supports particle-size reduction but does not establish moisture condition or bulk consistency.
AOM_001942,Maize Husk Dried Ground,no_identified_bulk_state_conflict,reviewed,docs/decisions/0042-feed-process-and-material-state-axes.md,Grinding supports particle-size reduction but does not establish moisture condition or bulk consistency.
AOM_001946,Plantain Peel Dried Ground,no_identified_bulk_state_conflict,reviewed,docs/decisions/0042-feed-process-and-material-state-axes.md,Grinding supports particle-size reduction but does not establish moisture condition or bulk consistency.
AOM_001947,Orange Peels Dried Fermented Ground,no_identified_bulk_state_conflict,reviewed,docs/decisions/0042-feed-process-and-material-state-axes.md,Grinding supports particle-size reduction but does not establish moisture condition or bulk consistency.
AOM_001949,Soybean Flakes Defatted Dried Ground,no_identified_bulk_state_conflict,reviewed,docs/decisions/0042-feed-process-and-material-state-axes.md,Grinding supports particle-size reduction but does not establish moisture condition or bulk consistency.
AOM_001951,Sesame Seed Cake Autoclaved Dried Ground,no_identified_bulk_state_conflict,reviewed,docs/decisions/0042-feed-process-and-material-state-axes.md,Grinding supports particle-size reduction but does not establish moisture condition or bulk consistency.
AOM_001961,Palm Oil Crude Ground,hold_particulate_presentation_conflict,hold,docs/decisions/0042-feed-process-and-material-state-axes.md,Crude oil identity conflicts with automatic particulate-presentation inference.
AOM_001966,Pennisetum clandestinum Leaves Dried Ground,no_identified_bulk_state_conflict,reviewed,docs/decisions/0042-feed-process-and-material-state-axes.md,Grinding supports particle-size reduction but does not establish moisture condition or bulk consistency.
AOM_001969,Jatropha curcas Kernel Dried Ground,no_identified_bulk_state_conflict,reviewed,docs/decisions/0042-feed-process-and-material-state-axes.md,Grinding supports particle-size reduction but does not establish moisture condition or bulk consistency.
AOM_001970,Jatropha curcas Cake Defatted Dried Ground,no_identified_bulk_state_conflict,reviewed,docs/decisions/0042-feed-process-and-material-state-axes.md,Grinding supports particle-size reduction but does not establish moisture condition or bulk consistency.
AOM_001971,Jatropha curcas Seed Defatted Fermented Ground,no_identified_bulk_state_conflict,reviewed,docs/decisions/0042-feed-process-and-material-state-axes.md,Grinding supports particle-size reduction but does not establish moisture condition or bulk consistency.
AOM_001973,Leucaena leucocephala Leaves Ground,no_identified_bulk_state_conflict,reviewed,docs/decisions/0042-feed-process-and-material-state-axes.md,Grinding supports particle-size reduction but does not establish moisture condition or bulk consistency.
AOM_001974,Leucaena leucocephala Leaves Dried Ground,no_identified_bulk_state_conflict,reviewed,docs/decisions/0042-feed-process-and-material-state-axes.md,Grinding supports particle-size reduction but does not establish moisture condition or bulk consistency.
AOM_001976,Moringa oleifera Dried Ground,no_identified_bulk_state_conflict,reviewed,docs/decisions/0042-feed-process-and-material-state-axes.md,Grinding supports particle-size reduction but does not establish moisture condition or bulk consistency.
AOM_001977,Moringa oleifera Stalks Dried Ground,no_identified_bulk_state_conflict,reviewed,docs/decisions/0042-feed-process-and-material-state-axes.md,Grinding supports particle-size reduction but does not establish moisture condition or bulk consistency.
AOM_001978,Moringa oleifera Root Bark Dried Ground,no_identified_bulk_state_conflict,reviewed,docs/decisions/0042-feed-process-and-material-state-axes.md,Grinding supports particle-size reduction but does not establish moisture condition or bulk consistency.
AOM_001980,Moringa stenopetala Leaves Dried Ground,no_identified_bulk_state_conflict,reviewed,docs/decisions/0042-feed-process-and-material-state-axes.md,Grinding supports particle-size reduction but does not establish moisture condition or bulk consistency.
AOM_001981,Opuntia ficus indica Dried Ground,no_identified_bulk_state_conflict,reviewed,docs/decisions/0042-feed-process-and-material-state-axes.md,Grinding supports particle-size reduction but does not establish moisture condition or bulk consistency.
AOM_001983,Prosopis africana Seed Ground,no_identified_bulk_state_conflict,reviewed,docs/decisions/0042-feed-process-and-material-state-axes.md,Grinding supports particle-size reduction but does not establish moisture condition or bulk consistency.
AOM_001986,Gliciridia sepium Leaves Dried Ground,no_identified_bulk_state_conflict,reviewed,docs/decisions/0042-feed-process-and-material-state-axes.md,Grinding supports particle-size reduction but does not establish moisture condition or bulk consistency.
AOM_001988,Gliciridia sepium Leaves Ground,no_identified_bulk_state_conflict,reviewed,docs/decisions/0042-feed-process-and-material-state-axes.md,Grinding supports particle-size reduction but does not establish moisture condition or bulk consistency.
AOM_001994,Carboxymethyl Cellulose Dried Ground Heated,no_identified_bulk_state_conflict,reviewed,docs/decisions/0042-feed-process-and-material-state-axes.md,Grinding supports particle-size reduction but does not establish moisture condition or bulk consistency.
AOM_001997,Toxynil Ground,no_identified_bulk_state_conflict,reviewed,docs/decisions/0042-feed-process-and-material-state-axes.md,Grinding supports particle-size reduction but does not establish moisture condition or bulk consistency.
AOM_002001,Clove Basil Leaves Extract Dried Ethanol Treated Ground,no_identified_bulk_state_conflict,reviewed,docs/decisions/0042-feed-process-and-material-state-axes.md,Grinding supports particle-size reduction but does not establish moisture condition or bulk consistency.
AOM_002002,Urtica dioica Dried Ground,no_identified_bulk_state_conflict,reviewed,docs/decisions/0042-feed-process-and-material-state-axes.md,Grinding supports particle-size reduction but does not establish moisture condition or bulk consistency.
AOM_002005,Danish Fish Ground,no_identified_bulk_state_conflict,reviewed,docs/decisions/0042-feed-process-and-material-state-axes.md,Grinding supports particle-size reduction but does not establish moisture condition or bulk consistency.
AOM_002008,Fish Oil Dried Ground Heated,hold_particulate_presentation_conflict,hold,docs/decisions/0042-feed-process-and-material-state-axes.md,Oil identity conflicts with automatic particulate-presentation inference.
AOM_002009,Feather Boiled Dried Ground,no_identified_bulk_state_conflict,reviewed,docs/decisions/0042-feed-process-and-material-state-axes.md,Grinding supports particle-size reduction but does not establish moisture condition or bulk consistency.
AOM_002011,Cocoa Bean Shell Dried Ground,no_identified_bulk_state_conflict,reviewed,docs/decisions/0042-feed-process-and-material-state-axes.md,Grinding supports particle-size reduction but does not establish moisture condition or bulk consistency.
AOM_002012,Cocoa Pods Husk Boiled Dried Ground,no_identified_bulk_state_conflict,reviewed,docs/decisions/0042-feed-process-and-material-state-axes.md,Grinding supports particle-size reduction but does not establish moisture condition or bulk consistency.
AOM_002013,Barley Dried Ground,no_identified_bulk_state_conflict,reviewed,docs/decisions/0042-feed-process-and-material-state-axes.md,Grinding supports particle-size reduction but does not establish moisture condition or bulk consistency.
AOM_002015,Unspecified Bran Dried Ground,no_identified_bulk_state_conflict,reviewed,docs/decisions/0042-feed-process-and-material-state-axes.md,Grinding supports particle-size reduction but does not establish moisture condition or bulk consistency.
AOM_002016,Maize Bran Dried Ground,no_identified_bulk_state_conflict,reviewed,docs/decisions/0042-feed-process-and-material-state-axes.md,Grinding supports particle-size reduction but does not establish moisture condition or bulk consistency.
AOM_002017,Wheat Grain Ground,no_identified_bulk_state_conflict,reviewed,docs/decisions/0042-feed-process-and-material-state-axes.md,Grinding supports particle-size reduction but does not establish moisture condition or bulk consistency.
AOM_002018,Cowpea Haulm Dried Ground,no_identified_bulk_state_conflict,reviewed,docs/decisions/0042-feed-process-and-material-state-axes.md,Grinding supports particle-size reduction but does not establish moisture condition or bulk consistency.
AOM_002019,Cowpea Husk Ground,no_identified_bulk_state_conflict,reviewed,docs/decisions/0042-feed-process-and-material-state-axes.md,Grinding supports particle-size reduction but does not establish moisture condition or bulk consistency.
AOM_002021,Soybean Cake Ground,no_identified_bulk_state_conflict,reviewed,docs/decisions/0042-feed-process-and-material-state-axes.md,Grinding supports particle-size reduction but does not establish moisture condition or bulk consistency.
AOM_002026,Cassava Leaves Ground,no_identified_bulk_state_conflict,reviewed,docs/decisions/0042-feed-process-and-material-state-axes.md,Grinding supports particle-size reduction but does not establish moisture condition or bulk consistency.
AOM_002027,Cassava Peel Ground,no_identified_bulk_state_conflict,reviewed,docs/decisions/0042-feed-process-and-material-state-axes.md,Grinding supports particle-size reduction but does not establish moisture condition or bulk consistency.
AOM_002029,Cassava Shaft Ground,no_identified_bulk_state_conflict,reviewed,docs/decisions/0042-feed-process-and-material-state-axes.md,Grinding supports particle-size reduction but does not establish moisture condition or bulk consistency.
AOM_002030,Yam Peels Dried Ground,no_identified_bulk_state_conflict,reviewed,docs/decisions/0042-feed-process-and-material-state-axes.md,Grinding supports particle-size reduction but does not establish moisture condition or bulk consistency.
AOM_002031,Maize Dried Ground Heated,no_identified_bulk_state_conflict,reviewed,docs/decisions/0042-feed-process-and-material-state-axes.md,Grinding supports particle-size reduction but does not establish moisture condition or bulk consistency.
AOM_002032,Breadfruit Dried Ground,no_identified_bulk_state_conflict,reviewed,docs/decisions/0042-feed-process-and-material-state-axes.md,Grinding supports particle-size reduction but does not establish moisture condition or bulk consistency.
AOM_002033,Soybean Full Fat Ground,no_identified_bulk_state_conflict,reviewed,docs/decisions/0042-feed-process-and-material-state-axes.md,Grinding supports particle-size reduction but does not establish moisture condition or bulk consistency.
AOM_002035,Cassava Tuber Boiled Dried Ground,no_identified_bulk_state_conflict,reviewed,docs/decisions/0042-feed-process-and-material-state-axes.md,Grinding supports particle-size reduction but does not establish moisture condition or bulk consistency.
AOM_002036,Fluted Pumpkin Leaves Dried Ground,no_identified_bulk_state_conflict,reviewed,docs/decisions/0042-feed-process-and-material-state-axes.md,Grinding supports particle-size reduction but does not establish moisture condition or bulk consistency.
AOM_002043,Acacia sieberiana Pods Dried Ground,no_identified_bulk_state_conflict,reviewed,docs/decisions/0042-feed-process-and-material-state-axes.md,Grinding supports particle-size reduction but does not establish moisture condition or bulk consistency.
AOM_002044,Acacia tortilis Leaves Dried Ground,no_identified_bulk_state_conflict,reviewed,docs/decisions/0042-feed-process-and-material-state-axes.md,Grinding supports particle-size reduction but does not establish moisture condition or bulk consistency.
AOM_002047,Atriplex nummularia Dried Ground,no_identified_bulk_state_conflict,reviewed,docs/decisions/0042-feed-process-and-material-state-axes.md,Grinding supports particle-size reduction but does not establish moisture condition or bulk consistency.
AOM_002050,Faidherbia albida Pods Ground,no_identified_bulk_state_conflict,reviewed,docs/decisions/0042-feed-process-and-material-state-axes.md,Grinding supports particle-size reduction but does not establish moisture condition or bulk consistency.
AOM_002051,Faidherbia albida Pods Dried Ground Soaked,no_identified_bulk_state_conflict,reviewed,docs/decisions/0042-feed-process-and-material-state-axes.md,Grinding supports particle-size reduction but does not establish moisture condition or bulk consistency.
AOM_002055,Jatropha curcas Cake Dried Ground,no_identified_bulk_state_conflict,reviewed,docs/decisions/0042-feed-process-and-material-state-axes.md,Grinding supports particle-size reduction but does not establish moisture condition or bulk consistency.
AOM_002056,Opuntia ficus indica Cladode Ground,no_identified_bulk_state_conflict,reviewed,docs/decisions/0042-feed-process-and-material-state-axes.md,Grinding supports particle-size reduction but does not establish moisture condition or bulk consistency.
AOM_002057,Opuntia ficus indica Cladode Dried Ground,no_identified_bulk_state_conflict,reviewed,docs/decisions/0042-feed-process-and-material-state-axes.md,Grinding supports particle-size reduction but does not establish moisture condition or bulk consistency.
AOM_002065,Albizia lebbeck Leaves Ground,no_identified_bulk_state_conflict,reviewed,docs/decisions/0042-feed-process-and-material-state-axes.md,Grinding supports particle-size reduction but does not establish moisture condition or bulk consistency.
AOM_002066,Centrosema pubescens Dried Ground,no_identified_bulk_state_conflict,reviewed,docs/decisions/0042-feed-process-and-material-state-axes.md,Grinding supports particle-size reduction but does not establish moisture condition or bulk consistency.
AOM_002070,Cellulose Ground,no_identified_bulk_state_conflict,reviewed,docs/decisions/0042-feed-process-and-material-state-axes.md,Grinding supports particle-size reduction but does not establish moisture condition or bulk consistency.
AOM_002071,Cellulose Dried Ground Heated,no_identified_bulk_state_conflict,reviewed,docs/decisions/0042-feed-process-and-material-state-axes.md,Grinding supports particle-size reduction but does not establish moisture condition or bulk consistency.
AOM_002072,Chromium Oxide Ground,no_identified_bulk_state_conflict,reviewed,docs/decisions/0042-feed-process-and-material-state-axes.md,Grinding supports particle-size reduction but does not establish moisture condition or bulk consistency.
AOM_002074,Dicalcium Phosphate Ground,no_identified_bulk_state_conflict,reviewed,docs/decisions/0042-feed-process-and-material-state-axes.md,Grinding supports particle-size reduction but does not establish moisture condition or bulk consistency.
AOM_002079,Egg Boiled Dried Ground,no_identified_bulk_state_conflict,reviewed,docs/decisions/0042-feed-process-and-material-state-axes.md,Grinding supports particle-size reduction but does not establish moisture condition or bulk consistency.
AOM_002086,Sorghum Sprout Dried Ground,no_identified_bulk_state_conflict,reviewed,docs/decisions/0042-feed-process-and-material-state-axes.md,Grinding supports particle-size reduction but does not establish moisture condition or bulk consistency.
AOM_002087,Prosopis Pods Ground,no_identified_bulk_state_conflict,reviewed,docs/decisions/0042-feed-process-and-material-state-axes.md,Grinding supports particle-size reduction but does not establish moisture condition or bulk consistency.
AOM_002093,Walnut Leaves Dried Ethanol Treated Ground,no_identified_bulk_state_conflict,reviewed,docs/decisions/0042-feed-process-and-material-state-axes.md,Grinding supports particle-size reduction but does not establish moisture condition or bulk consistency.
AOM_002103,Coconut Cake Ground,no_identified_bulk_state_conflict,reviewed,docs/decisions/0042-feed-process-and-material-state-axes.md,Grinding supports particle-size reduction but does not establish moisture condition or bulk consistency.
AOM_002104,Palm Kernel Cake Ground,no_identified_bulk_state_conflict,reviewed,docs/decisions/0042-feed-process-and-material-state-axes.md,Grinding supports particle-size reduction but does not establish moisture condition or bulk consistency.
AOM_002105,Palm Kernel Cake Dried Fermented Ground,no_identified_bulk_state_conflict,reviewed,docs/decisions/0042-feed-process-and-material-state-axes.md,Grinding supports particle-size reduction but does not establish moisture condition or bulk consistency.
AOM_002122,Soybean Flakes Defatted Crushed Dehulled Dried Extruded Heated Ground,no_identified_bulk_state_conflict,reviewed,docs/decisions/0042-feed-process-and-material-state-axes.md,Grinding supports particle-size reduction but does not establish moisture condition or bulk consistency.
AOM_002128,Sesame Seed Dried Ground Soaked,no_identified_bulk_state_conflict,reviewed,docs/decisions/0042-feed-process-and-material-state-axes.md,Grinding supports particle-size reduction but does not establish moisture condition or bulk consistency.
AOM_002129,Soybean Dehulled Ground,no_identified_bulk_state_conflict,reviewed,docs/decisions/0042-feed-process-and-material-state-axes.md,Grinding supports particle-size reduction but does not establish moisture condition or bulk consistency.
AOM_002130,Jatropha curcas Cake Ground,no_identified_bulk_state_conflict,reviewed,docs/decisions/0042-feed-process-and-material-state-axes.md,Grinding supports particle-size reduction but does not establish moisture condition or bulk consistency.
AOM_002131,Water Hyacinth Dried Fermented Ground,no_identified_bulk_state_conflict,reviewed,docs/decisions/0042-feed-process-and-material-state-axes.md,Grinding supports particle-size reduction but does not establish moisture condition or bulk consistency.
AOM_002133,Jatropha curcas Cake Defatted Ground,no_identified_bulk_state_conflict,reviewed,docs/decisions/0042-feed-process-and-material-state-axes.md,Grinding supports particle-size reduction but does not establish moisture condition or bulk consistency.
AOM_002134,Alfalfa Ground,no_identified_bulk_state_conflict,reviewed,docs/decisions/0042-feed-process-and-material-state-axes.md,Grinding supports particle-size reduction but does not establish moisture condition or bulk consistency.
AOM_002191,Fossil Shell Ground,no_identified_bulk_state_conflict,reviewed,docs/decisions/0042-feed-process-and-material-state-axes.md,Grinding supports particle-size reduction but does not establish moisture condition or bulk consistency.
AOM_002240,Brown Fish Ground,no_identified_bulk_state_conflict,reviewed,docs/decisions/0042-feed-process-and-material-state-axes.md,Grinding supports particle-size reduction but does not establish moisture condition or bulk consistency.
AOM_002346,Adansonia digitata Seed Ground,no_identified_bulk_state_conflict,reviewed,docs/decisions/0042-feed-process-and-material-state-axes.md,Grinding supports particle-size reduction but does not establish moisture condition or bulk consistency.
AOM_002353,Date Ground,no_identified_bulk_state_conflict,reviewed,docs/decisions/0042-feed-process-and-material-state-axes.md,Grinding supports particle-size reduction but does not establish moisture condition or bulk consistency.
AOM_003690,Poultry Litter Ground,no_identified_bulk_state_conflict,reviewed,docs/decisions/0042-feed-process-and-material-state-axes.md,Grinding supports particle-size reduction but does not establish moisture condition or bulk consistency.
AOM_003815,Date Discarded Ground,no_identified_bulk_state_conflict,reviewed,docs/decisions/0042-feed-process-and-material-state-axes.md,Grinding supports particle-size reduction but does not establish moisture condition or bulk consistency.
AOM_003894,Carob Ground,no_identified_bulk_state_conflict,reviewed,docs/decisions/0042-feed-process-and-material-state-axes.md,Grinding supports particle-size reduction but does not establish moisture condition or bulk consistency.
AOM_003897,Jojoba Ground,no_identified_bulk_state_conflict,reviewed,docs/decisions/0042-feed-process-and-material-state-axes.md,Grinding supports particle-size reduction but does not establish moisture condition or bulk consistency.
AOM_003918,African Yam Bean Ground,no_identified_bulk_state_conflict,reviewed,docs/decisions/0042-feed-process-and-material-state-axes.md,Grinding supports particle-size reduction but does not establish moisture condition or bulk consistency.
AOM_003920,Hevea brasiliensis Seed Cake Boiled Dried Ground,no_identified_bulk_state_conflict,reviewed,docs/decisions/0042-feed-process-and-material-state-axes.md,Grinding supports particle-size reduction but does not establish moisture condition or bulk consistency.
AOM_003950,Vitex doniana Leaves Ground,no_identified_bulk_state_conflict,reviewed,docs/decisions/0042-feed-process-and-material-state-axes.md,Grinding supports particle-size reduction but does not establish moisture condition or bulk consistency.
AOM_003970,Adansonia digitata Seed Cake Ground,no_identified_bulk_state_conflict,reviewed,docs/decisions/0042-feed-process-and-material-state-axes.md,Grinding supports particle-size reduction but does not establish moisture condition or bulk consistency.
AOM_006004,Molasses Ground,hold_particulate_presentation_conflict,hold,docs/decisions/0042-feed-process-and-material-state-axes.md,Molasses identity conflicts with automatic particulate-presentation inference.
AOM_006016,Acacia auriculiformis Leaves Dried Ground,no_identified_bulk_state_conflict,reviewed,docs/decisions/0042-feed-process-and-material-state-axes.md,Grinding supports particle-size reduction but does not establish moisture condition or bulk consistency.
AOM_006019,Adansonia digitata Seed Dried Fermented Ground,no_identified_bulk_state_conflict,reviewed,docs/decisions/0042-feed-process-and-material-state-axes.md,Grinding supports particle-size reduction but does not establish moisture condition or bulk consistency.
AOM_006022,Spirulina Ground,no_identified_bulk_state_conflict,reviewed,docs/decisions/0042-feed-process-and-material-state-axes.md,Grinding supports particle-size reduction but does not establish moisture condition or bulk consistency.
AOM_006026,Balanites aegyptiaca Leaves Ground,no_identified_bulk_state_conflict,reviewed,docs/decisions/0042-feed-process-and-material-state-axes.md,Grinding supports particle-size reduction but does not establish moisture condition or bulk consistency.
AOM_006027,Bambara Groundnut Offal Ground,no_identified_bulk_state_conflict,reviewed,docs/decisions/0042-feed-process-and-material-state-axes.md,Grinding supports particle-size reduction but does not establish moisture condition or bulk consistency.
AOM_006045,Bracharia Dried Ground,no_identified_bulk_state_conflict,reviewed,docs/decisions/0042-feed-process-and-material-state-axes.md,Grinding supports particle-size reduction but does not establish moisture condition or bulk consistency.
AOM_006050,Cashew Shell Ground,no_identified_bulk_state_conflict,reviewed,docs/decisions/0042-feed-process-and-material-state-axes.md,Grinding supports particle-size reduction but does not establish moisture condition or bulk consistency.
AOM_006059,Cassava Tuber Dried Ground,no_identified_bulk_state_conflict,reviewed,docs/decisions/0042-feed-process-and-material-state-axes.md,Grinding supports particle-size reduction but does not establish moisture condition or bulk consistency.
AOM_006060,Cassava Tuber Ground,no_identified_bulk_state_conflict,reviewed,docs/decisions/0042-feed-process-and-material-state-axes.md,Grinding supports particle-size reduction but does not establish moisture condition or bulk consistency.
AOM_006061,Centrosema pubescens Leaves Dried Ground,no_identified_bulk_state_conflict,reviewed,docs/decisions/0042-feed-process-and-material-state-axes.md,Grinding supports particle-size reduction but does not establish moisture condition or bulk consistency.
AOM_006063,Ceratonia siliqua Ground,no_identified_bulk_state_conflict,reviewed,docs/decisions/0042-feed-process-and-material-state-axes.md,Grinding supports particle-size reduction but does not establish moisture condition or bulk consistency.
AOM_006064,Cereal Spent Grain Ground,no_identified_bulk_state_conflict,reviewed,docs/decisions/0042-feed-process-and-material-state-axes.md,Grinding supports particle-size reduction but does not establish moisture condition or bulk consistency.
AOM_006066,Citrus aurantifolia Dried Ground,no_identified_bulk_state_conflict,reviewed,docs/decisions/0042-feed-process-and-material-state-axes.md,Grinding supports particle-size reduction but does not establish moisture condition or bulk consistency.
AOM_006071,Maize Cob Ground,no_identified_bulk_state_conflict,reviewed,docs/decisions/0042-feed-process-and-material-state-axes.md,Grinding supports particle-size reduction but does not establish moisture condition or bulk consistency.
AOM_006077,Daniellia oliveri Leaves Dried Ground,no_identified_bulk_state_conflict,reviewed,docs/decisions/0042-feed-process-and-material-state-axes.md,Grinding supports particle-size reduction but does not establish moisture condition or bulk consistency.
AOM_006080,Date Palm Fronds Ground,no_identified_bulk_state_conflict,reviewed,docs/decisions/0042-feed-process-and-material-state-axes.md,Grinding supports particle-size reduction but does not establish moisture condition or bulk consistency.
AOM_006081,Delonix regia Seed Ground,no_identified_bulk_state_conflict,reviewed,docs/decisions/0042-feed-process-and-material-state-axes.md,Grinding supports particle-size reduction but does not establish moisture condition or bulk consistency.
AOM_006082,Delonix regia Seed Ground Roasted,no_identified_bulk_state_conflict,reviewed,docs/decisions/0042-feed-process-and-material-state-axes.md,Grinding supports particle-size reduction but does not establish moisture condition or bulk consistency.
AOM_006083,Delonix regia Seed Dried Ground Roasted,no_identified_bulk_state_conflict,reviewed,docs/decisions/0042-feed-process-and-material-state-axes.md,Grinding supports particle-size reduction but does not establish moisture condition or bulk consistency.
AOM_006093,Eragrostis curvula Ground,no_identified_bulk_state_conflict,reviewed,docs/decisions/0042-feed-process-and-material-state-axes.md,Grinding supports particle-size reduction but does not establish moisture condition or bulk consistency.
AOM_006095,Teff Ground,no_identified_bulk_state_conflict,reviewed,docs/decisions/0042-feed-process-and-material-state-axes.md,Grinding supports particle-size reduction but does not establish moisture condition or bulk consistency.
AOM_006098,Ficus exasperata Dried Ground,no_identified_bulk_state_conflict,reviewed,docs/decisions/0042-feed-process-and-material-state-axes.md,Grinding supports particle-size reduction but does not establish moisture condition or bulk consistency.
AOM_006100,Fish Offal Ground,no_identified_bulk_state_conflict,reviewed,docs/decisions/0042-feed-process-and-material-state-axes.md,Grinding supports particle-size reduction but does not establish moisture condition or bulk consistency.
AOM_006104,Garcinia kola Seeds Dried Ground,no_identified_bulk_state_conflict,reviewed,docs/decisions/0042-feed-process-and-material-state-axes.md,Grinding supports particle-size reduction but does not establish moisture condition or bulk consistency.
AOM_006105,Gmelina arborea Leaves Dried Ground,no_identified_bulk_state_conflict,reviewed,docs/decisions/0042-feed-process-and-material-state-axes.md,Grinding supports particle-size reduction but does not establish moisture condition or bulk consistency.
AOM_006114,Phytase Ground,no_identified_bulk_state_conflict,reviewed,docs/decisions/0042-feed-process-and-material-state-axes.md,Grinding supports particle-size reduction but does not establish moisture condition or bulk consistency.
AOM_006117,Heteropogon contortus Ground,no_identified_bulk_state_conflict,reviewed,docs/decisions/0042-feed-process-and-material-state-axes.md,Grinding supports particle-size reduction but does not establish moisture condition or bulk consistency.
AOM_006121,Jatropha curcas Leaves Dried Ground,no_identified_bulk_state_conflict,reviewed,docs/decisions/0042-feed-process-and-material-state-axes.md,Grinding supports particle-size reduction but does not establish moisture condition or bulk consistency.
AOM_006122,Lantana camara Leaves Dried Ground,no_identified_bulk_state_conflict,reviewed,docs/decisions/0042-feed-process-and-material-state-axes.md,Grinding supports particle-size reduction but does not establish moisture condition or bulk consistency.
AOM_006124,Calcium Carbonate Ground,no_identified_bulk_state_conflict,reviewed,docs/decisions/0042-feed-process-and-material-state-axes.md,Grinding supports particle-size reduction but does not establish moisture condition or bulk consistency.
AOM_006128,Maize Offal Ground,no_identified_bulk_state_conflict,reviewed,docs/decisions/0042-feed-process-and-material-state-axes.md,Grinding supports particle-size reduction but does not establish moisture condition or bulk consistency.
AOM_006129,Maize Offal Dried Ground,no_identified_bulk_state_conflict,reviewed,docs/decisions/0042-feed-process-and-material-state-axes.md,Grinding supports particle-size reduction but does not establish moisture condition or bulk consistency.
AOM_006130,Melon Seed Husk Ground,no_identified_bulk_state_conflict,reviewed,docs/decisions/0042-feed-process-and-material-state-axes.md,Grinding supports particle-size reduction but does not establish moisture condition or bulk consistency.
AOM_006136,Moringa oleifera Seed Dried Ground,no_identified_bulk_state_conflict,reviewed,docs/decisions/0042-feed-process-and-material-state-axes.md,Grinding supports particle-size reduction but does not establish moisture condition or bulk consistency.
AOM_006140,Myrtus communis Leaves Dried Ground,no_identified_bulk_state_conflict,reviewed,docs/decisions/0042-feed-process-and-material-state-axes.md,Grinding supports particle-size reduction but does not establish moisture condition or bulk consistency.
AOM_006144,Occicum gatissimum Dried Ground,no_identified_bulk_state_conflict,reviewed,docs/decisions/0042-feed-process-and-material-state-axes.md,Grinding supports particle-size reduction but does not establish moisture condition or bulk consistency.
AOM_006147,Opuntia ficus indica Fruits Dried Ground,no_identified_bulk_state_conflict,reviewed,docs/decisions/0042-feed-process-and-material-state-axes.md,Grinding supports particle-size reduction but does not establish moisture condition or bulk consistency.
AOM_006151,Palm Kernel Cake Dried Ground,no_identified_bulk_state_conflict,reviewed,docs/decisions/0042-feed-process-and-material-state-axes.md,Grinding supports particle-size reduction but does not establish moisture condition or bulk consistency.
AOM_006154,Prime Gluten 60 Ground,no_identified_bulk_state_conflict,reviewed,docs/decisions/0042-feed-process-and-material-state-axes.md,Grinding supports particle-size reduction but does not establish moisture condition or bulk consistency.
AOM_006156,Rice Grain Ground,no_identified_bulk_state_conflict,reviewed,docs/decisions/0042-feed-process-and-material-state-axes.md,Grinding supports particle-size reduction but does not establish moisture condition or bulk consistency.
AOM_006161,Brewers By-Product Dried Ground,no_identified_bulk_state_conflict,reviewed,docs/decisions/0042-feed-process-and-material-state-axes.md,Grinding supports particle-size reduction but does not establish moisture condition or bulk consistency.
AOM_006162,Cassava Sieviate Dried Fermented Ground,no_identified_bulk_state_conflict,reviewed,docs/decisions/0042-feed-process-and-material-state-axes.md,Grinding supports particle-size reduction but does not establish moisture condition or bulk consistency.
AOM_006163,Cassava Starch Residue Dried Fermented Ground,no_identified_bulk_state_conflict,reviewed,docs/decisions/0042-feed-process-and-material-state-axes.md,Grinding supports particle-size reduction but does not establish moisture condition or bulk consistency.
AOM_006167,Fish Processing Waste Ground,no_identified_bulk_state_conflict,reviewed,docs/decisions/0042-feed-process-and-material-state-axes.md,Grinding supports particle-size reduction but does not establish moisture condition or bulk consistency.
AOM_006171,Jackfruit Seed Dried Ground,no_identified_bulk_state_conflict,reviewed,docs/decisions/0042-feed-process-and-material-state-axes.md,Grinding supports particle-size reduction but does not establish moisture condition or bulk consistency.
AOM_006172,Jackfruit Seed Dried Fermented Ground,no_identified_bulk_state_conflict,reviewed,docs/decisions/0042-feed-process-and-material-state-axes.md,Grinding supports particle-size reduction but does not establish moisture condition or bulk consistency.
AOM_006173,Hibiscus Seed Ground,no_identified_bulk_state_conflict,reviewed,docs/decisions/0042-feed-process-and-material-state-axes.md,Grinding supports particle-size reduction but does not establish moisture condition or bulk consistency.
AOM_006174,Lablab purpureus Dried Ground,no_identified_bulk_state_conflict,reviewed,docs/decisions/0042-feed-process-and-material-state-axes.md,Grinding supports particle-size reduction but does not establish moisture condition or bulk consistency.
AOM_006179,Wood Ash Ground,no_identified_bulk_state_conflict,reviewed,docs/decisions/0042-feed-process-and-material-state-axes.md,Grinding supports particle-size reduction but does not establish moisture condition or bulk consistency.
AOM_006184,Vitex doniana Ground Wilted,no_identified_bulk_state_conflict,reviewed,docs/decisions/0042-feed-process-and-material-state-axes.md,Grinding supports particle-size reduction but does not establish moisture condition or bulk consistency.
AOM_006185,Vitex doniana Leaves Dried Ground,no_identified_bulk_state_conflict,reviewed,docs/decisions/0042-feed-process-and-material-state-axes.md,Grinding supports particle-size reduction but does not establish moisture condition or bulk consistency.
AOM_006186,Viscum album Dried Ground,no_identified_bulk_state_conflict,reviewed,docs/decisions/0042-feed-process-and-material-state-axes.md,Grinding supports particle-size reduction but does not establish moisture condition or bulk consistency.
AOM_006190,Rice Straw Ground,no_identified_bulk_state_conflict,reviewed,docs/decisions/0042-feed-process-and-material-state-axes.md,Grinding supports particle-size reduction but does not establish moisture condition or bulk consistency.
AOM_006194,Shell Ground,no_identified_bulk_state_conflict,reviewed,docs/decisions/0042-feed-process-and-material-state-axes.md,Grinding supports particle-size reduction but does not establish moisture condition or bulk consistency.
AOM_006196,Adansonia digitata Seed Cake Decorticated Ground,no_identified_bulk_state_conflict,reviewed,docs/decisions/0042-feed-process-and-material-state-axes.md,Grinding supports particle-size reduction but does not establish moisture condition or bulk consistency.
AOM_006198,Cochlospermum planchonii Rhizomes Dried Ground,no_identified_bulk_state_conflict,reviewed,docs/decisions/0042-feed-process-and-material-state-axes.md,Grinding supports particle-size reduction but does not establish moisture condition or bulk consistency.
AOM_006204,Moringa oleifera Ground,no_identified_bulk_state_conflict,reviewed,docs/decisions/0042-feed-process-and-material-state-axes.md,Grinding supports particle-size reduction but does not establish moisture condition or bulk consistency.
AOM_006207,Vernonia amygdalina Ground,no_identified_bulk_state_conflict,reviewed,docs/decisions/0042-feed-process-and-material-state-axes.md,Grinding supports particle-size reduction but does not establish moisture condition or bulk consistency.
AOM_006208,Vernonia amygdalina Dried Ground,no_identified_bulk_state_conflict,reviewed,docs/decisions/0042-feed-process-and-material-state-axes.md,Grinding supports particle-size reduction but does not establish moisture condition or bulk consistency.
AOM_006212,Vachellia polyacantha Leaves Ground,no_identified_bulk_state_conflict,reviewed,docs/decisions/0042-feed-process-and-material-state-axes.md,Grinding supports particle-size reduction but does not establish moisture condition or bulk consistency.
AOM_006215,Cassava Peel Enzyme Treated Ground,no_identified_bulk_state_conflict,reviewed,docs/decisions/0042-feed-process-and-material-state-axes.md,Grinding supports particle-size reduction but does not establish moisture condition or bulk consistency.
AOM_006218,Maize Cob Enzyme Treated Ground,no_identified_bulk_state_conflict,reviewed,docs/decisions/0042-feed-process-and-material-state-axes.md,Grinding supports particle-size reduction but does not establish moisture condition or bulk consistency.
AOM_006219,Delonix regia Seed Alkali Treated Dried Fermented Ground,no_identified_bulk_state_conflict,reviewed,docs/decisions/0042-feed-process-and-material-state-axes.md,Grinding supports particle-size reduction but does not establish moisture condition or bulk consistency.
AOM_006226,Maize Bran Alkali Treated Ground,no_identified_bulk_state_conflict,reviewed,docs/decisions/0042-feed-process-and-material-state-axes.md,Grinding supports particle-size reduction but does not establish moisture condition or bulk consistency.
AOM_006227,Moringa oleifera Leaves Extract Dried Ground,no_identified_bulk_state_conflict,reviewed,docs/decisions/0042-feed-process-and-material-state-axes.md,Grinding supports particle-size reduction but does not establish moisture condition or bulk consistency.
AOM_006229,Mucuna pruriens Seed Alkali Treated Boiled Ground,no_identified_bulk_state_conflict,reviewed,docs/decisions/0042-feed-process-and-material-state-axes.md,Grinding supports particle-size reduction but does not establish moisture condition or bulk consistency.
AOM_006230,Mucuna pruriens Seed Alkali Treated Boiled Decorticated Dried Ground,no_identified_bulk_state_conflict,reviewed,docs/decisions/0042-feed-process-and-material-state-axes.md,Grinding supports particle-size reduction but does not establish moisture condition or bulk consistency.
AOM_006231,Mucuna pruriens Seed Boiled Dried Ground,no_identified_bulk_state_conflict,reviewed,docs/decisions/0042-feed-process-and-material-state-axes.md,Grinding supports particle-size reduction but does not establish moisture condition or bulk consistency.
AOM_006232,Mucuna pruriens Protein Isolate Alkali Treated Boiled Ground,no_identified_bulk_state_conflict,reviewed,docs/decisions/0042-feed-process-and-material-state-axes.md,Grinding supports particle-size reduction but does not establish moisture condition or bulk consistency.
AOM_006233,Mucuna pruriens Protein Isolate Alkali Treated Dried Ground,no_identified_bulk_state_conflict,reviewed,docs/decisions/0042-feed-process-and-material-state-axes.md,Grinding supports particle-size reduction but does not establish moisture condition or bulk consistency.
AOM_006234,Mucuna pruriens Ground,no_identified_bulk_state_conflict,reviewed,docs/decisions/0042-feed-process-and-material-state-axes.md,Grinding supports particle-size reduction but does not establish moisture condition or bulk consistency.
AOM_006239,Untreated Organic Waste Ground,no_identified_bulk_state_conflict,reviewed,docs/decisions/0042-feed-process-and-material-state-axes.md,Grinding supports particle-size reduction but does not establish moisture condition or bulk consistency.
AOM_006240,Untreated Organic Waste Dried Fermented Ground,no_identified_bulk_state_conflict,reviewed,docs/decisions/0042-feed-process-and-material-state-axes.md,Grinding supports particle-size reduction but does not establish moisture condition or bulk consistency.
AOM_006244,Unspecified Straw Ground,no_identified_bulk_state_conflict,reviewed,docs/decisions/0042-feed-process-and-material-state-axes.md,Grinding supports particle-size reduction but does not establish moisture condition or bulk consistency.
AOM_006251,Tristachya leucothrix Ground,no_identified_bulk_state_conflict,reviewed,docs/decisions/0042-feed-process-and-material-state-axes.md,Grinding supports particle-size reduction but does not establish moisture condition or bulk consistency.
AOM_006256,Themeda triandra Ground,no_identified_bulk_state_conflict,reviewed,docs/decisions/0042-feed-process-and-material-state-axes.md,Grinding supports particle-size reduction but does not establish moisture condition or bulk consistency.
AOM_006257,Themeda triandra Dried Ground,no_identified_bulk_state_conflict,reviewed,docs/decisions/0042-feed-process-and-material-state-axes.md,Grinding supports particle-size reduction but does not establish moisture condition or bulk consistency.
AOM_006262,Taro Root Dried Ground,no_identified_bulk_state_conflict,reviewed,docs/decisions/0042-feed-process-and-material-state-axes.md,Grinding supports particle-size reduction but does not establish moisture condition or bulk consistency.
AOM_006264,Sugarcane Peel Dried Ground,no_identified_bulk_state_conflict,reviewed,docs/decisions/0042-feed-process-and-material-state-axes.md,Grinding supports particle-size reduction but does not establish moisture condition or bulk consistency.
AOM_006269,Sugarcane Bagasse Ground,no_identified_bulk_state_conflict,reviewed,docs/decisions/0042-feed-process-and-material-state-axes.md,Grinding supports particle-size reduction but does not establish moisture condition or bulk consistency.
AOM_006290,Phyllanthus amarus Dried Ground,no_identified_bulk_state_conflict,reviewed,docs/decisions/0042-feed-process-and-material-state-axes.md,Grinding supports particle-size reduction but does not establish moisture condition or bulk consistency.
AOM_006295,Prosopis juliflora Pods Dried Ground,no_identified_bulk_state_conflict,reviewed,docs/decisions/0042-feed-process-and-material-state-axes.md,Grinding supports particle-size reduction but does not establish moisture condition or bulk consistency.
AOM_006296,Prosopis juliflora Pods Dried Fermented Ground,no_identified_bulk_state_conflict,reviewed,docs/decisions/0042-feed-process-and-material-state-axes.md,Grinding supports particle-size reduction but does not establish moisture condition or bulk consistency.
AOM_006300,Rice Offal Ground,no_identified_bulk_state_conflict,reviewed,docs/decisions/0042-feed-process-and-material-state-axes.md,Grinding supports particle-size reduction but does not establish moisture condition or bulk consistency.
AOM_006304,Rice Straw Fermented Ground,no_identified_bulk_state_conflict,reviewed,docs/decisions/0042-feed-process-and-material-state-axes.md,Grinding supports particle-size reduction but does not establish moisture condition or bulk consistency.
AOM_006305,Samanea saman Dried Ground,no_identified_bulk_state_conflict,reviewed,docs/decisions/0042-feed-process-and-material-state-axes.md,Grinding supports particle-size reduction but does not establish moisture condition or bulk consistency.
AOM_006307,Sesame Seed Cake Ground,no_identified_bulk_state_conflict,reviewed,docs/decisions/0042-feed-process-and-material-state-axes.md,Grinding supports particle-size reduction but does not establish moisture condition or bulk consistency.
AOM_006308,Sesbania sesban Leaves Dried Ground,no_identified_bulk_state_conflict,reviewed,docs/decisions/0042-feed-process-and-material-state-axes.md,Grinding supports particle-size reduction but does not establish moisture condition or bulk consistency.
AOM_006311,Sheanut Cake Ground,no_identified_bulk_state_conflict,reviewed,docs/decisions/0042-feed-process-and-material-state-axes.md,Grinding supports particle-size reduction but does not establish moisture condition or bulk consistency.
AOM_006320,African Yam Bean Dried Ground,no_identified_bulk_state_conflict,reviewed,docs/decisions/0042-feed-process-and-material-state-axes.md,Grinding supports particle-size reduction but does not establish moisture condition or bulk consistency.
AOM_006327,Rosemary Residues Dried Ground,no_identified_bulk_state_conflict,reviewed,docs/decisions/0042-feed-process-and-material-state-axes.md,Grinding supports particle-size reduction but does not establish moisture condition or bulk consistency.
AOM_006328,Sorghum Straw Dried Ground,no_identified_bulk_state_conflict,reviewed,docs/decisions/0042-feed-process-and-material-state-axes.md,Grinding supports particle-size reduction but does not establish moisture condition or bulk consistency.
AOM_006336,Rice Straw Dried Ground,no_identified_bulk_state_conflict,reviewed,docs/decisions/0042-feed-process-and-material-state-axes.md,Grinding supports particle-size reduction but does not establish moisture condition or bulk consistency.
AOM_006337,Rice Straw Dried Fermented Ground,no_identified_bulk_state_conflict,reviewed,docs/decisions/0042-feed-process-and-material-state-axes.md,Grinding supports particle-size reduction but does not establish moisture condition or bulk consistency.
AOM_006343,Moringa oleifera Seed Cake Ground,no_identified_bulk_state_conflict,reviewed,docs/decisions/0042-feed-process-and-material-state-axes.md,Grinding supports particle-size reduction but does not establish moisture condition or bulk consistency.
AOM_006347,Marula Seed Cake Ground,no_identified_bulk_state_conflict,reviewed,docs/decisions/0042-feed-process-and-material-state-axes.md,Grinding supports particle-size reduction but does not establish moisture condition or bulk consistency.
AOM_006357,Acacia mearnsii Dried Ground,no_identified_bulk_state_conflict,reviewed,docs/decisions/0042-feed-process-and-material-state-axes.md,Grinding supports particle-size reduction but does not establish moisture condition or bulk consistency.
AOM_006366,Dichrostachys cinerea Dried Ground,no_identified_bulk_state_conflict,reviewed,docs/decisions/0042-feed-process-and-material-state-axes.md,Grinding supports particle-size reduction but does not establish moisture condition or bulk consistency.
AOM_006368,Eragrostis curvula Dried Ground,no_identified_bulk_state_conflict,reviewed,docs/decisions/0042-feed-process-and-material-state-axes.md,Grinding supports particle-size reduction but does not establish moisture condition or bulk consistency.
AOM_006380,Jojoba Enzyme Treated Ground,no_identified_bulk_state_conflict,reviewed,docs/decisions/0042-feed-process-and-material-state-axes.md,Grinding supports particle-size reduction but does not establish moisture condition or bulk consistency.
AOM_006399,Mucuna pruriens Seed Alkali Treated Boiled Dried Ground,no_identified_bulk_state_conflict,reviewed,docs/decisions/0042-feed-process-and-material-state-axes.md,Grinding supports particle-size reduction but does not establish moisture condition or bulk consistency.
AOM_006400,Mucuna pruriens Protein Isolate Alkali Treated Boiled Decorticated Ground,no_identified_bulk_state_conflict,reviewed,docs/decisions/0042-feed-process-and-material-state-axes.md,Grinding supports particle-size reduction but does not establish moisture condition or bulk consistency.
AOM_006404,Cassava Sieviate Dried Ground,no_identified_bulk_state_conflict,reviewed,docs/decisions/0042-feed-process-and-material-state-axes.md,Grinding supports particle-size reduction but does not establish moisture condition or bulk consistency.
AOM_006408,Linseed Ground,no_identified_bulk_state_conflict,reviewed,docs/decisions/0042-feed-process-and-material-state-axes.md,Grinding supports particle-size reduction but does not establish moisture condition or bulk consistency.
AOM_006500,Mucuna pruriens Seed Boiled Decorticated Dried Ground Soaked,no_identified_bulk_state_conflict,reviewed,docs/decisions/0042-feed-process-and-material-state-axes.md,Grinding supports particle-size reduction but does not establish moisture condition or bulk consistency.
AOM_101127,Poultry by-product meal,no_identified_bulk_state_conflict,reviewed,docs/decisions/0042-feed-process-and-material-state-axes.md,Grinding supports particle-size reduction but does not establish moisture condition or bulk consistency.
