"sheet","column_position","column","inferred_scalar_type","nonblank_values","blank_values","distinct_nonblank_values","candidate_key","duplicate_header"
"era_fields_v1",1,"Field.Name","text",106,30,106,FALSE,FALSE
"era_fields_v1",2,"Data.Type","text",106,30,7,FALSE,FALSE
"era_fields_v1",3,"Description","text",109,27,108,FALSE,FALSE
"era_fields_v1",4,"Example","text",93,43,83,FALSE,FALSE
"era_fields_v2",1,"Table","text",752,2,47,FALSE,FALSE
"era_fields_v2",2,"Table_Description","text",254,500,19,FALSE,FALSE
"era_fields_v2",3,"Field","text",751,3,554,FALSE,FALSE
"era_fields_v2",4,"majestic_hippo_2020","text",749,5,11,FALSE,FALSE
"era_fields_v2",5,"skinny_cow_2022","text",720,34,3,FALSE,FALSE
"era_fields_v2",6,"industrious_elephant_2023","text",749,5,3,FALSE,FALSE
"era_fields_v2",7,"courageous_camel_2024","text",751,3,4,FALSE,FALSE
"era_fields_v2",8,"key_type","text",127,627,2,FALSE,FALSE
"era_fields_v2",9,"source_table","text",84,670,21,FALSE,FALSE
"era_fields_v2",10,"lookup_table","empty",0,754,0,FALSE,FALSE
"era_fields_v2",11,"Calculated","text",603,151,5,FALSE,FALSE
"era_fields_v2",12,"Display_Name","text",670,84,369,FALSE,FALSE
"era_fields_v2",13,"Data_Type","text",634,120,9,FALSE,FALSE
"era_fields_v2",14,"Field_Description","text",481,273,315,FALSE,FALSE
"era_fields_v2",15,"Notes","text",4,750,3,FALSE,FALSE
"era_fields_v2",16,"Values","text",480,274,155,FALSE,FALSE
"era_fields_v2",17,"Validation","text",496,258,77,FALSE,FALSE
"era_fields_v2",18,"Required","text",512,242,35,FALSE,FALSE
"era_fields_v2",19,"Ref_Source","text",396,358,4,FALSE,FALSE
"era_fields_v2",20,"Ref_Name","text",336,418,73,FALSE,FALSE
"era_fields_v2",21,"Ref_Link","text",336,418,73,FALSE,FALSE
"era_fields_v2",22,"Ref_Match","text",394,360,6,FALSE,FALSE
"era_fields_v2",23,"Ref_Notes","text",331,423,77,FALSE,FALSE
"era_fields_v2",24,"Translation source","text",216,538,2,FALSE,FALSE
"era_fields_v2",25,"Spanish Translation","text",208,546,133,FALSE,FALSE
"era_fields_v2",26,"Ref2_DataScribe","text",320,434,4,FALSE,FALSE
"era_fields_v2",27,"Ref2_Source","text",302,452,17,FALSE,FALSE
"era_fields_v2",28,"Ref2_Name","text",299,455,58,FALSE,FALSE
"era_fields_v2",29,"Ref2_Link","text",299,455,54,FALSE,FALSE
"era_fields_v2",30,"Ref2_Match","text",314,440,6,FALSE,FALSE
"era_fields_v2",31,"Ref2_Notes","text",266,488,36,FALSE,FALSE
"era_fields_v2",32,"Other_Links","text",170,584,3,FALSE,FALSE
"prac",1,"Code","text",196,0,196,TRUE,FALSE
"prac",2,"Theme","text",196,0,12,FALSE,FALSE
"prac",3,"Theme.Code","text",196,0,12,FALSE,FALSE
"prac",4,"Practice","text",196,0,53,FALSE,FALSE
"prac",5,"Practice.Code","text",138,58,41,FALSE,FALSE
"prac",6,"Subpractice","text",196,0,196,TRUE,FALSE
"prac",7,"Subpractice.Code","text",138,58,136,FALSE,FALSE
"prac",8,"Subpractice.S","text",172,24,171,FALSE,FALSE
"prac",9,"Subpractice.Suffix","text",145,51,24,FALSE,FALSE
"prac",10,"Definition","text",195,1,195,FALSE,FALSE
"prac",11,"Notes","text",85,111,46,FALSE,FALSE
"prac",12,"Linked.Tab","text",146,50,14,FALSE,FALSE
"prac",13,"Linked.Col","text",159,37,14,FALSE,FALSE
"prac",14,"Depreciated","logical",195,1,2,FALSE,FALSE
"prod",1,"EU","text",414,0,413,FALSE,FALSE
"prod",2,"Product.Type","text",414,0,3,FALSE,FALSE
"prod",3,"Product.Type.Code","text",414,0,3,FALSE,FALSE
"prod",4,"Product.Subtype","text",414,0,25,FALSE,FALSE
"prod",5,"Product.Subtype.Code","text",414,0,25,FALSE,FALSE
"prod",6,"Product","text",414,0,403,FALSE,FALSE
"prod",7,"Product.Simple","text",414,0,352,FALSE,FALSE
"prod",8,"Product.Simple.Code","text",414,0,352,FALSE,FALSE
"prod",9,"Component","text",414,0,22,FALSE,FALSE
"prod",10,"Latin.Name","text",400,14,316,FALSE,FALSE
"prod",11,"Notes","text",35,379,25,FALSE,FALSE
"prod",12,"Nfix","text",414,0,3,FALSE,FALSE
"prod",13,"Tree","text",414,0,3,FALSE,FALSE
"prod",14,"Mulched","text",414,0,7,FALSE,FALSE
"prod",15,"Incorp","text",414,0,7,FALSE,FALSE
"prod",16,"Unknown.Fate","text",414,0,7,FALSE,FALSE
"prod",17,"ECOCROP.Name","text",363,51,234,FALSE,FALSE
"prod",18,"ECOCROP.Notes","text",107,307,42,FALSE,FALSE
"prod",19,"ICC_Code_1.1","text",386,28,130,FALSE,FALSE
"prod",20,"ICC_CropName","text",389,25,154,FALSE,FALSE
"prod",21,"Livestock_Group","text",404,10,10,FALSE,FALSE
"prod",22,"Livestock_Class","text",405,9,22,FALSE,FALSE
"prod",23,"Livestock_Descriptor","text",405,9,22,FALSE,FALSE
"prod",24,"CPC_Code_2.1","text",403,11,19,FALSE,FALSE
"prod",25,"WFO_Code","text",410,4,297,FALSE,FALSE
"prod",26,"UN_Comtrade_Code_1","text",382,32,167,FALSE,FALSE
"prod",27,"UN_Comtrade_Description_1","text",218,196,166,FALSE,FALSE
"prod",28,"UN_Comtrade_Code_2","text",19,395,6,FALSE,FALSE
"prod",29,"UN_Comtrade_Description_2","text",19,395,6,FALSE,FALSE
"prod",30,"MapSPAM","text",56,358,32,FALSE,FALSE
"lookup_levels",1,"Table","text",677,5,23,FALSE,FALSE
"lookup_levels",2,"Field","text",682,0,84,FALSE,FALSE
"lookup_levels",3,"Values_Old","text",420,262,343,FALSE,FALSE
"lookup_levels",4,"Values_New","text",682,0,547,FALSE,FALSE
"lookup_levels",5,"Description","text",468,214,393,FALSE,FALSE
"lookup_levels",6,"GPT_Description_Checked","text",420,262,6,FALSE,FALSE
"lookup_levels",7,"Translation_Source","empty",0,682,0,FALSE,FALSE
"lookup_levels",8,"Value_Spanish","empty",0,682,0,FALSE,FALSE
"lookup_levels",9,"Description_Spanish","empty",0,682,0,FALSE,FALSE
"lookup_levels",10,"Ref_Source","empty",0,682,0,FALSE,FALSE
"lookup_levels",11,"Ref_Name","empty",0,682,0,FALSE,FALSE
"lookup_levels",12,"Ref_Link","empty",0,682,0,FALSE,FALSE
"lookup_levels",13,"Ref_Match","empty",0,682,0,FALSE,FALSE
"lookup_levels",14,"Ref_Notes","empty",0,682,0,FALSE,FALSE
"lookup_levels",15,"Ref2_DataScribe","empty",0,682,0,FALSE,FALSE
"lookup_levels",16,"Ref2_Source","empty",0,682,0,FALSE,FALSE
"lookup_levels",17,"Ref2_Name","empty",0,682,0,FALSE,FALSE
"lookup_levels",18,"Ref2_Link","empty",0,682,0,FALSE,FALSE
"lookup_levels",19,"Ref2_Match","empty",0,682,0,FALSE,FALSE
"lookup_levels",20,"Ref2_Notes","empty",0,682,0,FALSE,FALSE
"lookup_levels",21,"Other_Links","empty",0,682,0,FALSE,FALSE
"prod_comp",1,"Component","text",81,0,81,TRUE,FALSE
"prod_comp",2,"Comp.Level1","text",81,0,27,FALSE,FALSE
"prod_comp",3,"Comp.Level2","text",79,2,35,FALSE,FALSE
"prod_comp",4,"Comp.Level3","text",47,34,30,FALSE,FALSE
"out",1,"Code","numeric",116,0,116,TRUE,FALSE
"out",2,"Pillar","text",116,0,4,FALSE,FALSE
"out",3,"Pillar.Code","text",116,0,4,FALSE,FALSE
"out",4,"Subpillar","text",116,0,9,FALSE,FALSE
"out",5,"Subpillar.Code","text",116,0,9,FALSE,FALSE
"out",6,"Indicator","text",116,0,17,FALSE,FALSE
"out",7,"Indicator.Code","text",116,0,18,FALSE,FALSE
"out",8,"Subindicator","text",116,0,116,TRUE,FALSE
"out",9,"Subindicator.Short","text",113,3,113,FALSE,FALSE
"out",10,"Subindicator.Code","text",113,3,113,FALSE,FALSE
"out",11,"Definition","text",116,0,116,TRUE,FALSE
"out",12,"Notes","text",77,39,51,FALSE,FALSE
"out",13,"Example units","text",113,3,52,FALSE,FALSE
"out",14,"Original.Outcome","empty",0,116,0,FALSE,FALSE
"out",15,"Negative Values","text",116,0,2,FALSE,FALSE
"out",16,"Sign","text",116,0,3,FALSE,FALSE
"out",17,"TC.Ratio","text",116,0,2,FALSE,FALSE
"out",18,"Not.Perc","text",116,0,4,FALSE,FALSE
"out",19,"Depreciated","logical",116,0,2,FALSE,FALSE
"out",20,"Previous.Names","text",3,113,3,FALSE,FALSE
"out_econ",1,"AOM","text",65,0,1,FALSE,FALSE
"out_econ",2,"Category","text",65,0,7,FALSE,FALSE
"out_econ",3,"Variable","text",65,0,64,FALSE,FALSE
"out_econ",4,"Definition","text",63,2,63,FALSE,FALSE
"fert",1,"F.Category","text",283,0,9,FALSE,FALSE
"fert",2,"F.Type","text",104,179,104,FALSE,FALSE
"fert",3,"F.Category_New","text",283,0,9,FALSE,FALSE
"fert",4,"F.Type_New","text",283,0,276,FALSE,FALSE
"fert",5,"F.Exclude","logical",283,0,2,FALSE,FALSE
"fert",6,"F.Type_synonym","text",65,218,64,FALSE,FALSE
"fert",7,"GPT_Description","text",152,131,149,FALSE,FALSE
"fert",8,"GPT_Description_Checked","logical",65,218,2,FALSE,FALSE
"fert",9,"CHEBI","text",35,248,26,FALSE,FALSE
"fert",10,"F.N","text",80,203,14,FALSE,FALSE
"fert",11,"F.P","text",80,203,25,FALSE,FALSE
"fert",12,"F.K","text",80,203,11,FALSE,FALSE
"fert",13,"F.S","text",77,206,12,FALSE,FALSE
"fert",14,"F.CA","text",77,206,17,FALSE,FALSE
"fert",15,"F.Mg","text",77,206,7,FALSE,FALSE
"fert",16,"Fert.Code1","text",282,1,13,FALSE,FALSE
"fert",17,"Fert.Code2","text",282,1,5,FALSE,FALSE
"fert",18,"Fert.Code3","text",282,1,4,FALSE,FALSE
"fert",19,"Fert.Code4","text",283,0,2,FALSE,FALSE
"fert",20,"F.Compound","text",283,0,2,FALSE,FALSE
"chem",1,"AOM","text",319,0,319,TRUE,FALSE
"chem",2,"C.Name.Raw","text",272,47,271,FALSE,FALSE
"chem",3,"C.Type","text",319,0,31,FALSE,TRUE
"chem",4,"C.Type.AI","text",317,2,43,FALSE,FALSE
"chem",5,"C.Name","text",319,0,318,FALSE,FALSE
"chem",6,"C.Is.Name.Commercial","logical",319,0,2,FALSE,FALSE
"chem",7,"C.AI","text",319,0,114,FALSE,FALSE
"chem",8,"","empty",0,319,0,FALSE,TRUE
"chem",9,"C.Name.Commercial","text",313,6,215,FALSE,FALSE
"chem",10,"C.Name.AI","text",313,6,150,FALSE,TRUE
"chem",11,"C.Animal","logical",144,175,1,FALSE,FALSE
"chem",12,"C.Crop","logical",176,143,1,FALSE,FALSE
"chem",13,"C.Is.Chem","logical",269,50,2,FALSE,FALSE
"chem",14,"C.Type","text",305,14,26,FALSE,TRUE
"chem",15,"","empty",0,319,0,FALSE,TRUE
"chem",16,"C.Name.AI","text",229,90,226,FALSE,TRUE
"chem",17,"C.Name.AI.CHEBI","empty",0,319,0,FALSE,FALSE
"chem",18,"C.Tname.AI.Type_gpt","text",229,90,36,FALSE,FALSE
"countries",1,"Country","text",77,0,77,TRUE,FALSE
"countries",2,"ISO.3166-1.alpha-3","text",77,0,77,TRUE,FALSE
"countries",3,"Lat.Min","text",77,0,77,TRUE,FALSE
"countries",4,"Lat.Max","numeric",77,0,77,TRUE,FALSE
"countries",5,"Lon.Min","numeric",77,0,76,FALSE,FALSE
"countries",6,"Lon.Max","numeric",77,0,77,TRUE,FALSE
"trees",1,"EU","text",217,0,216,FALSE,FALSE
"trees",2,"Tree.Latin.Name","text",217,0,217,TRUE,FALSE
"trees",3,"Depreciated.Latin.Name","text",217,0,16,FALSE,FALSE
"trees",4,"WFO.Code","text",206,11,201,FALSE,FALSE
"trees",5,"GBIF","empty",0,217,0,FALSE,FALSE
"trees",6,"Tree.Subspecies","text",217,0,26,FALSE,FALSE
"trees",7,"Tree.Variety","text",217,0,26,FALSE,FALSE
"trees",8,"Tree.Nfix","text",217,0,3,FALSE,FALSE
"trees",9,"Tree.Legume","text",217,0,3,FALSE,FALSE
"trees",10,"Mulched","text",217,0,3,FALSE,FALSE
"trees",11,"Incorp","text",217,0,3,FALSE,FALSE
"trees",12,"Unknown.Fate","text",217,0,3,FALSE,FALSE
"trees",13,"Fallow","text",217,0,3,FALSE,FALSE
"journals",1,"B.Journal","text",528,0,528,TRUE,FALSE
"journals",2,"Journal","text",528,0,516,FALSE,FALSE
"site_list",1,"Site.Code","text",808,0,808,TRUE,FALSE
"site_list",2,"Latitude","text",808,0,774,FALSE,FALSE
"site_list",3,"Longitude","text",808,0,779,FALSE,FALSE
"site_list",4,"Country","text",808,0,50,FALSE,FALSE
"site_list",5,"Site.Type","text",808,0,5,FALSE,FALSE
"site_list",6,"Site.ID","text",808,0,807,FALSE,FALSE
"site_list",7,"Buffer","integer",808,0,62,FALSE,FALSE
"site_list",8,"Synonyms","text",11,797,11,FALSE,FALSE
"site_list",9,"Harmonization","text",32,776,32,FALSE,FALSE
"site_list",10,"Include","logical",784,24,1,FALSE,FALSE
"residues",1,"M.Material.Original","text",71,2,64,FALSE,FALSE
"residues",2,"M.Material","text",73,0,69,FALSE,FALSE
"vars",1,"V.Product","text",3693,0,142,FALSE,FALSE
"vars",2,"V.Var","text",3681,12,3619,FALSE,FALSE
"vars",3,"V.Species","text",3690,3,5,FALSE,FALSE
"vars",4,"V.Subspecies","text",3690,3,1,FALSE,FALSE
"vars",5,"V.Crop.Practice","text",3690,3,9,FALSE,FALSE
"vars",6,"V.Code","text",3690,3,9,FALSE,FALSE
"vars",7,"V.Animal.Practice","text",3687,6,6,FALSE,FALSE
"vars",8,"V.Type","text",3689,4,16,FALSE,FALSE
"vars",9,"V.Trait1","text",3683,10,75,FALSE,FALSE
"vars",10,"V.Trait2","text",3685,8,40,FALSE,FALSE
"vars",11,"V.Trait3","text",3688,5,14,FALSE,FALSE
"vars",12,"V.Maturity","text",3690,3,66,FALSE,FALSE
"vars",13,"V.Var1","text",3693,0,3486,FALSE,FALSE
"vars",14,"V.Species1","text",3607,86,7,FALSE,FALSE
"vars",15,"V.Subspecies1","text",3607,86,2,FALSE,FALSE
"vars",16,"V.Accession","empty",0,3693,0,FALSE,FALSE
"vars_animals",1,"Round","text",445,0,4,FALSE,FALSE
"vars_animals",2,"V.Product","text",445,0,15,FALSE,FALSE
"vars_animals",3,"V.Var","text",445,0,420,FALSE,FALSE
"vars_animals",4,"V.Species","text",440,5,7,FALSE,FALSE
"vars_animals",5,"V.Subspecies","text",438,7,1,FALSE,FALSE
"vars_animals",6,"V.Code","text",397,48,9,FALSE,FALSE
"vars_animals",7,"V.Animal.Practice","text",429,16,4,FALSE,FALSE
"vars_animals",8,"V.Type","text",434,11,3,FALSE,FALSE
"vars_animals",9,"V.Trait1","text",438,7,4,FALSE,FALSE
"vars_animals",10,"V.Trait2","text",438,7,2,FALSE,FALSE
"vars_animals",11,"V.Trait3","text",438,7,2,FALSE,FALSE
"vars_animals",12,"V.Maturity","text",438,7,1,FALSE,FALSE
"vars_animals",13,"V.Var1","text",441,4,346,FALSE,FALSE
"vars_animals",14,"V.Species1","text",437,8,6,FALSE,FALSE
"vars_animals",15,"V.Subspecies1","text",437,8,1,FALSE,FALSE
"vars_animals",16,"","text",2,443,2,FALSE,TRUE
"vars_animals",17,"","text",1,444,1,FALSE,TRUE
"var_traits",1,"V.Trait","text",104,0,100,FALSE,FALSE
"var_traits",2,"V.Trait1","text",104,0,62,FALSE,FALSE
"AOM",1,"Path","text",2502,1,2501,FALSE,FALSE
"AOM",2,"AOM","text",2502,1,2501,FALSE,FALSE
"AOM",3,"L1","text",2502,1,4,FALSE,FALSE
"AOM",4,"L2","text",2498,5,11,FALSE,FALSE
"AOM",5,"L3","text",2489,14,33,FALSE,FALSE
"AOM",6,"L4","text",2466,37,108,FALSE,FALSE
"AOM",7,"L5","text",2364,139,288,FALSE,FALSE
"AOM",8,"L6","text",2070,433,250,FALSE,FALSE
"AOM",9,"L7","text",1802,701,229,FALSE,FALSE
"AOM",10,"L8","text",1586,917,617,FALSE,FALSE
"AOM",11,"L9","text",1061,1442,664,FALSE,FALSE
"AOM",12,"L10","text",432,2071,432,FALSE,FALSE
"AOM",13,"Edge_Value","text",2501,2,2387,FALSE,FALSE
"AOM",14,"Synonym","text",817,1686,806,FALSE,FALSE
"AOM",15,"Description","text",637,1866,592,FALSE,FALSE
"AOM",16,"Notes","text",82,2421,42,FALSE,FALSE
"AOM",17,"Example Units","text",17,2486,6,FALSE,FALSE
"AOM",18,"Ontology","text",307,2196,263,FALSE,FALSE
"AOM",19,"Agrovoc","text",320,2183,89,FALSE,FALSE
"AOM",20,"Group","text",5,2498,1,FALSE,FALSE
"AOM",21,"Scientific Name","text",1387,1116,455,FALSE,FALSE
"AOM",22,"NCBI","text",1411,1092,381,FALSE,FALSE
"AOM",23,"Sex","empty",0,2503,0,FALSE,FALSE
"AOM",24,"ERA.Field","text",121,2382,48,FALSE,FALSE
"AOM",25,"ERA_Code","text",473,2030,170,FALSE,FALSE
"AOM",26,"C or E","text",36,2467,2,FALSE,FALSE
"AOM",27,"WFO","text",1385,1118,363,FALSE,FALSE
"AOM",28,"Feedipedia","text",1674,829,340,FALSE,FALSE
"AOM",29,"CPC_Code_Product","text",1629,874,108,FALSE,FALSE
"AOM",30,"CPC_Code_Component","text",1633,870,15,FALSE,FALSE
"AOM",31,"CPC_Code_Product_Match","text",489,2014,104,FALSE,FALSE
"AOM",32,"CPC_Code_Component_Match","text",853,1650,16,FALSE,FALSE
"AOM",33,"Ani_Diet_Spp_Syn","text",1306,1197,718,FALSE,FALSE
"AOM",34,"Is_Ani_Diet_Ingredient","text",2503,0,843,FALSE,FALSE
"AOM",35,"ilri_code","text",1642,861,248,FALSE,FALSE
"AOM",36,"Column1","text",1,2502,1,FALSE,FALSE
"AOM",37,"Column2","text",1,2502,1,FALSE,FALSE
"AOM",38,"Column3","text",1273,1230,680,FALSE,FALSE
"ani_diet",1,"D.Item","text",1802,4,1800,FALSE,FALSE
"ani_diet",2,"D.Item.Root","text",1804,2,640,FALSE,FALSE
"ani_diet",3,"D.Item.Root.Comp","text",1804,2,936,FALSE,FALSE
"ani_diet",4,"D.Item.Root.Comp.Proc_Major","text",1804,2,1590,FALSE,FALSE
"ani_diet",5,"D.Item.Root.Other.Comp.Proc_All","text",1804,2,1803,FALSE,FALSE
"ani_diet",6,"D.Item.Other","text",98,1708,62,FALSE,FALSE
"ani_diet",7,"D.Item.Proc_All","text",922,884,214,FALSE,FALSE
"ani_diet",8,"D.Item.Proc_Major","text",843,963,94,FALSE,FALSE
"ani_diet",9,"D.Item.Proc_Minor","text",144,1662,4,FALSE,FALSE
"ani_diet",10,"D.Item.Comp","text",832,974,111,FALSE,FALSE
"ani_diet",11,"Concentrated","text",232,1574,12,FALSE,FALSE
"ani_diet",12,"Mechanically Processed","text",245,1561,7,FALSE,FALSE
"ani_diet",13,"Chemically Processed","text",40,1766,7,FALSE,FALSE
"ani_diet",14,"Diet.Sub","text",180,1626,13,FALSE,FALSE
"ani_diet",15,"Diet.Add","text",179,1627,12,FALSE,FALSE
"ani_diet",16,"Sub.Codes","text",179,1627,26,FALSE,FALSE
"ani_diet",17,"Add.Codes","text",179,1627,27,FALSE,FALSE
"ani_diet",18,"D.Item.AOM","text",1806,0,1570,FALSE,FALSE
"ani_diet",19,"D.Item.Species","text",1490,316,394,FALSE,FALSE
"ani_diet",20,"D.Item.Species.Comp","text",1468,338,700,FALSE,FALSE
"ani_diet",21,"D.Item.AOM.Forced","text",18,1788,17,FALSE,FALSE
"ani_process",1,"Round","text",175,0,2,FALSE,FALSE
"ani_process",2,"D.Process","text",175,0,173,FALSE,FALSE
"ani_process",3,"D.Process.Correct","text",174,1,93,FALSE,FALSE
"ani_process",4,"D.Process.Type","text",172,3,3,FALSE,FALSE
"ani_process",5,"","empty",0,175,0,FALSE,TRUE
"ani_process",6,"D.Item.Proc_Major","text",94,81,94,FALSE,FALSE
"ani_process",7,"D.Item.Proc_Major_unique","text",37,138,37,FALSE,FALSE
"ani_process",8,"","empty",0,175,0,FALSE,TRUE
"ani_process",9,"D.Item.Proc_Minor","text",4,171,4,FALSE,FALSE
"ani_process",10,"D.Item.Proc_Minor_unique","text",3,172,3,FALSE,FALSE
"ani_process",11,"","empty",0,175,0,FALSE,TRUE
"ani_process",12,"D.Item.Comp","text",111,64,111,FALSE,FALSE
"ani_process",13,"D.Item.Comp_unique","text",110,65,110,FALSE,FALSE
"AOM_diets",1,"AOM","text",849,344,849,FALSE,FALSE
"AOM_diets",2,"Edge_value","text",849,344,847,FALSE,FALSE
"AOM_diets",3,"Synonyms","text",218,975,218,FALSE,FALSE
"AOM_diets",4,"Ani_Diet_Spp_Syn","text",643,550,594,FALSE,FALSE
"AOM_diets",5,"Synonyms_x_Scientific","text",684,509,653,FALSE,FALSE
"AOM_diets",6,"Heirarchy","text",849,344,848,FALSE,FALSE
"AOM_diets",7,"Heirarchy_sub1","text",592,601,591,FALSE,FALSE
"AOM_diets",8,"Heirarchy_sub2","text",592,601,591,FALSE,FALSE
"AOM_diets",9,"n_delim","integer",592,601,5,FALSE,FALSE
"AOM_diets",10,"edge_removed","text",590,603,227,FALSE,FALSE
"AOM_diets",11,"aom_x_edge_and_synonyms","text",592,601,592,FALSE,FALSE
"AOM_diets",12,"aom_x_edge_and_synonyms_long","empty",0,1193,0,FALSE,FALSE
"AOM_diets",13,"aom_code","empty",0,1193,0,FALSE,FALSE
"AOM_diets",14,"diet_item_full","empty",0,1193,0,FALSE,FALSE
"AOM_diets",15,"diet_item_l1","empty",0,1193,0,FALSE,FALSE
"AOM_diets",16,"diet_item_l2","empty",0,1193,0,FALSE,FALSE
"AOM_diets",17,"diet_item_l3","empty",0,1193,0,FALSE,FALSE
"AOM_diets",18,"","empty",0,1193,0,FALSE,TRUE
"AOM_diets",19,"","empty",0,1193,0,FALSE,TRUE
"AOM_diets",20,"","empty",0,1193,0,FALSE,TRUE
"AOM_diets",21,"","empty",0,1193,0,FALSE,TRUE
"AOM_diets",22,"","empty",0,1193,0,FALSE,TRUE
"AOM_diets",23,"","empty",0,1193,0,FALSE,TRUE
"AOM_diets",24,"","empty",0,1193,0,FALSE,TRUE
"AOM_diets",25,"","empty",0,1193,0,FALSE,TRUE
"unit_harmonization",1,"Out.Unit","text",1105,0,1103,FALSE,FALSE
"unit_harmonization",2,"Out.Unit.Correct","text",1041,64,781,FALSE,FALSE
"aez",1,"AEZ5.Value","integer",6,10,6,FALSE,FALSE
"aez",2,"AEZ5.Name","text",6,10,6,FALSE,FALSE
"aez",3,"AEZ5.Colour","text",6,10,6,FALSE,FALSE
"aez",4,"AEZ16.Value","integer",16,0,16,TRUE,FALSE
"aez",5,"AEZ16.Name","text",16,0,16,TRUE,FALSE
"aez",6,"AEZ16.Climate.Value","integer",16,0,2,FALSE,FALSE
"aez",7,"AEZ16.Climate.Name","text",16,0,2,FALSE,FALSE
"aez",8,"AEZ16.Temp.Value","integer",16,0,2,FALSE,FALSE
"aez",9,"AEZ16.Temp.Name","text",16,0,2,FALSE,FALSE
"aez",10,"AEZ16.Humidity.Value","integer",16,0,4,FALSE,FALSE
"aez",11,"AEZ16.Humidity.Name","text",16,0,4,FALSE,FALSE
"aez",12,"AEZ.TempHumid.Value","integer",16,0,8,FALSE,FALSE
"aez",13,"AEZ.TempHumid.Name","text",16,0,8,FALSE,FALSE
"aez",14,"AEZ16.Colour","text",16,0,8,FALSE,FALSE
