case_id,candidate_concept_id,candidate_label,normalized_label,matched_identity,decision,reviewer,review_date,evidence,rationale
LABEL-001,AOM_000326,Feed physical characteristics,feed physical characteristics,,implemented-no-collision,Pete Steward,2026-08-21,data/livestock-staging/labels.csv;data/livestock-staging/approved_label_additions.csv;data/livestock-staging/approved_external_resource_labels.csv;docs/decisions/0049-composition-form-and-component-retention-model.md,"Global preferred, alternative, hidden, deprecated, and external-label audit found no unexplained collision."
LABEL-002,AOM_101182,Feed physical descriptors,feed physical descriptors,,implemented-no-collision,Pete Steward,2026-08-21,data/livestock-staging/labels.csv;data/livestock-staging/approved_label_additions.csv;data/livestock-staging/approved_external_resource_labels.csv;docs/decisions/0049-composition-form-and-component-retention-model.md,"Global preferred, alternative, hidden, deprecated, and external-label audit found no unexplained collision."
LABEL-003,AOM_101115,Feed component-retention states,feed component retention states,,implemented-no-collision,Pete Steward,2026-08-21,data/livestock-staging/labels.csv;data/livestock-staging/approved_label_additions.csv;data/livestock-staging/approved_external_resource_labels.csv;docs/decisions/0049-composition-form-and-component-retention-model.md,"Global preferred, alternative, hidden, deprecated, and external-label audit found no unexplained collision."
LABEL-004,AOM_101086,Whole-crop component retention,whole crop component retention,,implemented-no-collision,Pete Steward,2026-08-21,data/livestock-staging/labels.csv;data/livestock-staging/approved_label_additions.csv;data/livestock-staging/approved_external_resource_labels.csv;docs/decisions/0049-composition-form-and-component-retention-model.md,"Global preferred, alternative, hidden, deprecated, and external-label audit found no unexplained collision."
LABEL-005,AOM_101110,Whole-grain component retention,whole grain component retention,,implemented-no-collision,Pete Steward,2026-08-21,data/livestock-staging/labels.csv;data/livestock-staging/approved_label_additions.csv;data/livestock-staging/approved_external_resource_labels.csv;docs/decisions/0049-composition-form-and-component-retention-model.md,"Global preferred, alternative, hidden, deprecated, and external-label audit found no unexplained collision."
LABEL-006,AOM_101134,Native-fat retention,native fat retention,,implemented-no-collision,Pete Steward,2026-08-21,data/livestock-staging/labels.csv;data/livestock-staging/approved_label_additions.csv;data/livestock-staging/approved_external_resource_labels.csv;docs/decisions/0049-composition-form-and-component-retention-model.md,"Global preferred, alternative, hidden, deprecated, and external-label audit found no unexplained collision."
LABEL-007,AOM_101067,Essential oil constituent,essential oil constituent,,implemented-no-collision,Pete Steward,2026-08-21,data/livestock-staging/labels.csv;data/livestock-staging/approved_label_additions.csv;data/livestock-staging/approved_external_resource_labels.csv;docs/decisions/0049-composition-form-and-component-retention-model.md,"Global preferred, alternative, hidden, deprecated, and external-label audit found no unexplained collision."
LABEL-008,AOM_101065,Starch,starch,AOM_001832 alt label Starch,rejected-collision,Pete Steward,2026-08-21,data/livestock-staging/labels.csv;docs/decisions/0049-composition-form-and-component-retention-model.md,Bare label rejected; retain Starch constituent.
LABEL-009,AOM_101081,Oil,oil,AOM_001333 preferred label Oil,rejected-collision,Pete Steward,2026-08-21,data/livestock-staging/labels.csv;docs/decisions/0049-composition-form-and-component-retention-model.md,Bare label rejected; retain Oil constituent.
