concept_id,preferred_label,ingredient_family,canonical_path,parent_label,definition_scope,decision,status,reviewer,review_date,evidence,rationale
AOM_000535,Ingredient source,Ingredient source,Management/Livestock Management/Feed Characteristic/Feed Composition/Feed Ingredient/Ingredient source,Feed Ingredient,category,approve_hierarchy_category_scope,approved,Pete Steward,2026-08-06,era_master_sheet.xlsx#AOM;sha256:f834c4f7837927774499eff4340c912784a3db10c2e19bd5d75a7f753df41438,"Canonical workbook path establishes controlled classification role; definition adds no biological, chemical, or nutritional claim."
AOM_000556,Milk,Animal,Management/Livestock Management/Feed Characteristic/Feed Composition/Feed Ingredient/Animal/Milk,Animal,identity,approve_workbook_identity_scope,approved,Pete Steward,2026-08-06,era_master_sheet.xlsx#AOM;sha256:f834c4f7837927774499eff4340c912784a3db10c2e19bd5d75a7f753df41438,Canonical workbook establishes governed ingredient identity and hierarchy; all unasserted material facets remain unspecified.
AOM_000559,Animal,Animal,Management/Livestock Management/Feed Characteristic/Feed Composition/Feed Ingredient/Animal,Feed Ingredient,category,approve_hierarchy_category_scope,approved,Pete Steward,2026-08-06,era_master_sheet.xlsx#AOM;sha256:f834c4f7837927774499eff4340c912784a3db10c2e19bd5d75a7f753df41438,"Canonical workbook path establishes controlled classification role; definition adds no biological, chemical, or nutritional claim."
AOM_000561,Animal Manures,Animal Manures,Management/Livestock Management/Feed Characteristic/Feed Composition/Feed Ingredient/Animal Manures,Feed Ingredient,category,approve_hierarchy_category_scope,approved,Pete Steward,2026-08-06,era_master_sheet.xlsx#AOM;sha256:f834c4f7837927774499eff4340c912784a3db10c2e19bd5d75a7f753df41438,"Canonical workbook path establishes controlled classification role; definition adds no biological, chemical, or nutritional claim."
AOM_000594,Cereal ByProducts,Crop Byproduct,Management/Livestock Management/Feed Characteristic/Feed Composition/Feed Ingredient/Crop Byproduct/Cereal ByProducts,Crop Byproduct,category,approve_hierarchy_category_scope,approved,Pete Steward,2026-08-06,era_master_sheet.xlsx#AOM;sha256:f834c4f7837927774499eff4340c912784a3db10c2e19bd5d75a7f753df41438,"Canonical workbook path establishes controlled classification role; definition adds no biological, chemical, or nutritional claim."
AOM_000662,Cereal Products,Crop Product,Management/Livestock Management/Feed Characteristic/Feed Composition/Feed Ingredient/Crop Product/Cereal Products,Crop Product,category,approve_hierarchy_category_scope,approved,Pete Steward,2026-08-06,era_master_sheet.xlsx#AOM;sha256:f834c4f7837927774499eff4340c912784a3db10c2e19bd5d75a7f753df41438,"Canonical workbook path establishes controlled classification role; definition adds no biological, chemical, or nutritional claim."
AOM_000665,Fruit Product,Crop Product,Management/Livestock Management/Feed Characteristic/Feed Composition/Feed Ingredient/Crop Product/Fruit Product,Crop Product,category,approve_hierarchy_category_scope,approved,Pete Steward,2026-08-06,era_master_sheet.xlsx#AOM;sha256:f834c4f7837927774499eff4340c912784a3db10c2e19bd5d75a7f753df41438,"Canonical workbook path establishes controlled classification role; definition adds no biological, chemical, or nutritional claim."
AOM_000667,Legume Products,Crop Product,Management/Livestock Management/Feed Characteristic/Feed Composition/Feed Ingredient/Crop Product/Legume Products,Crop Product,category,approve_hierarchy_category_scope,approved,Pete Steward,2026-08-06,era_master_sheet.xlsx#AOM;sha256:f834c4f7837927774499eff4340c912784a3db10c2e19bd5d75a7f753df41438,"Canonical workbook path establishes controlled classification role; definition adds no biological, chemical, or nutritional claim."
AOM_000677,Oil Plant Products,Crop Product,Management/Livestock Management/Feed Characteristic/Feed Composition/Feed Ingredient/Crop Product/Oil Plant Products,Crop Product,category,approve_hierarchy_category_scope,approved,Pete Steward,2026-08-06,era_master_sheet.xlsx#AOM;sha256:f834c4f7837927774499eff4340c912784a3db10c2e19bd5d75a7f753df41438,"Canonical workbook path establishes controlled classification role; definition adds no biological, chemical, or nutritional claim."
AOM_000693,Grass Local,Forage Plants,Management/Livestock Management/Feed Characteristic/Feed Composition/Feed Ingredient/Forage Plants/Cereal and Grass Forages/Grass Local,Cereal and Grass Forages,,hold_ambiguous_workbook_identity,held,Pete Steward,2026-08-06,era_master_sheet.xlsx#AOM;sha256:f834c4f7837927774499eff4340c912784a3db10c2e19bd5d75a7f753df41438,"Workbook supplies label and hierarchy only; commercial/local identity, category conflict, or compound component/process semantics require citable evidence and structured review."
AOM_000695,Luscious Pasture,Forage Plants,Management/Livestock Management/Feed Characteristic/Feed Composition/Feed Ingredient/Forage Plants/Cereal and Grass Forages/Luscious Pasture,Cereal and Grass Forages,,hold_ambiguous_workbook_identity,held,Pete Steward,2026-08-06,era_master_sheet.xlsx#AOM;sha256:f834c4f7837927774499eff4340c912784a3db10c2e19bd5d75a7f753df41438,"Workbook supplies label and hierarchy only; commercial/local identity, category conflict, or compound component/process semantics require citable evidence and structured review."
AOM_000697,Natural Pasture,Forage Plants,Management/Livestock Management/Feed Characteristic/Feed Composition/Feed Ingredient/Forage Plants/Cereal and Grass Forages/Pasture/Natural Pasture,Pasture,identity,approve_workbook_identity_scope,approved,Pete Steward,2026-08-06,era_master_sheet.xlsx#AOM;sha256:f834c4f7837927774499eff4340c912784a3db10c2e19bd5d75a7f753df41438,Canonical workbook establishes governed ingredient identity and hierarchy; all unasserted material facets remain unspecified.
AOM_000700,Unspecified Grazing,Forage Plants,Management/Livestock Management/Feed Characteristic/Feed Composition/Feed Ingredient/Forage Plants/Cereal and Grass Forages/Unspecified Grazing,Cereal and Grass Forages,identity,approve_workbook_identity_scope,approved,Pete Steward,2026-08-06,era_master_sheet.xlsx#AOM;sha256:f834c4f7837927774499eff4340c912784a3db10c2e19bd5d75a7f753df41438,Canonical workbook establishes governed ingredient identity and hierarchy; all unasserted material facets remain unspecified.
AOM_000718,Forage Trees,Forage Plants,Management/Livestock Management/Feed Characteristic/Feed Composition/Feed Ingredient/Forage Plants/Forage Trees,Forage Plants,category,approve_hierarchy_category_scope,approved,Pete Steward,2026-08-06,era_master_sheet.xlsx#AOM;sha256:f834c4f7837927774499eff4340c912784a3db10c2e19bd5d75a7f753df41438,"Canonical workbook path establishes controlled classification role; definition adds no biological, chemical, or nutritional claim."
AOM_000734,Other Forage Plants,Forage Plants,Management/Livestock Management/Feed Characteristic/Feed Composition/Feed Ingredient/Forage Plants/Other Forage Plants,Forage Plants,category,approve_hierarchy_category_scope,approved,Pete Steward,2026-08-06,era_master_sheet.xlsx#AOM;sha256:f834c4f7837927774499eff4340c912784a3db10c2e19bd5d75a7f753df41438,"Canonical workbook path establishes controlled classification role; definition adds no biological, chemical, or nutritional claim."
AOM_000736,Supplement,Supplement,Management/Livestock Management/Feed Characteristic/Feed Composition/Feed Ingredient/Supplement,Feed Ingredient,category,approve_hierarchy_category_scope,approved,Pete Steward,2026-08-06,era_master_sheet.xlsx#AOM;sha256:f834c4f7837927774499eff4340c912784a3db10c2e19bd5d75a7f753df41438,"Canonical workbook path establishes controlled classification role; definition adds no biological, chemical, or nutritional claim."
AOM_000737,Amino Acid,Supplement,Management/Livestock Management/Feed Characteristic/Feed Composition/Feed Ingredient/Supplement/Amino Acid,Supplement,category,approve_hierarchy_category_scope,approved,Pete Steward,2026-08-06,era_master_sheet.xlsx#AOM;sha256:f834c4f7837927774499eff4340c912784a3db10c2e19bd5d75a7f753df41438,"Canonical workbook path establishes controlled classification role; definition adds no biological, chemical, or nutritional claim."
AOM_000743,Carboxymethyl Cellulose,Other Ingredients,Management/Livestock Management/Feed Characteristic/Feed Composition/Feed Ingredient/Other Ingredients/Binder/Carboxymethyl Cellulose,Binder,identity,approve_workbook_identity_scope,approved,Pete Steward,2026-08-06,era_master_sheet.xlsx#AOM;sha256:f834c4f7837927774499eff4340c912784a3db10c2e19bd5d75a7f753df41438,Canonical workbook establishes governed ingredient identity and hierarchy; all unasserted material facets remain unspecified.
AOM_000744,Cement,Other Ingredients,Management/Livestock Management/Feed Characteristic/Feed Composition/Feed Ingredient/Other Ingredients/Binder/Cement,Binder,identity,approve_workbook_identity_scope,approved,Pete Steward,2026-08-06,era_master_sheet.xlsx#AOM;sha256:f834c4f7837927774499eff4340c912784a3db10c2e19bd5d75a7f753df41438,Canonical workbook establishes governed ingredient identity and hierarchy; all unasserted material facets remain unspecified.
AOM_000745,Binder,Other Ingredients,Management/Livestock Management/Feed Characteristic/Feed Composition/Feed Ingredient/Other Ingredients/Binder,Other Ingredients,category,approve_hierarchy_category_scope,approved,Pete Steward,2026-08-06,era_master_sheet.xlsx#AOM;sha256:f834c4f7837927774499eff4340c912784a3db10c2e19bd5d75a7f753df41438,"Canonical workbook path establishes controlled classification role; definition adds no biological, chemical, or nutritional claim."
AOM_000746,Chromium Oxide,Other Ingredients,Management/Livestock Management/Feed Characteristic/Feed Composition/Feed Ingredient/Other Ingredients/Digestibility Marker/Chromium Oxide,Digestibility Marker,identity,approve_workbook_identity_scope,approved,Pete Steward,2026-08-06,era_master_sheet.xlsx#AOM;sha256:f834c4f7837927774499eff4340c912784a3db10c2e19bd5d75a7f753df41438,Canonical workbook establishes governed ingredient identity and hierarchy; all unasserted material facets remain unspecified.
AOM_000747,Digestibility Marker,Other Ingredients,Management/Livestock Management/Feed Characteristic/Feed Composition/Feed Ingredient/Other Ingredients/Digestibility Marker,Other Ingredients,category,approve_hierarchy_category_scope,approved,Pete Steward,2026-08-06,era_master_sheet.xlsx#AOM;sha256:f834c4f7837927774499eff4340c912784a3db10c2e19bd5d75a7f753df41438,"Canonical workbook path establishes controlled classification role; definition adds no biological, chemical, or nutritional claim."
AOM_000748,Asperozym (Fibrolytic Enzymes),Supplement,Management/Livestock Management/Feed Characteristic/Feed Composition/Feed Ingredient/Supplement/Enzyme/Asperozym (Fibrolytic Enzymes),Enzyme,,hold_ambiguous_workbook_identity,held,Pete Steward,2026-08-06,era_master_sheet.xlsx#AOM;sha256:f834c4f7837927774499eff4340c912784a3db10c2e19bd5d75a7f753df41438,"Workbook supplies label and hierarchy only; commercial/local identity, category conflict, or compound component/process semantics require citable evidence and structured review."
AOM_000749,Axtra Phy Broiler,Supplement,Management/Livestock Management/Feed Characteristic/Feed Composition/Feed Ingredient/Supplement/Enzyme/Axtra Phy Broiler,Enzyme,,hold_ambiguous_workbook_identity,held,Pete Steward,2026-08-06,era_master_sheet.xlsx#AOM;sha256:f834c4f7837927774499eff4340c912784a3db10c2e19bd5d75a7f753df41438,"Workbook supplies label and hierarchy only; commercial/local identity, category conflict, or compound component/process semantics require citable evidence and structured review."
AOM_000753,Bicarbonate of Soda,Other Ingredients,Management/Livestock Management/Feed Characteristic/Feed Composition/Feed Ingredient/Other Ingredients/Bicarbonate of Soda,Other Ingredients,identity,approve_workbook_identity_scope,approved,Pete Steward,2026-08-06,era_master_sheet.xlsx#AOM;sha256:f834c4f7837927774499eff4340c912784a3db10c2e19bd5d75a7f753df41438,Canonical workbook establishes governed ingredient identity and hierarchy; all unasserted material facets remain unspecified.
AOM_000754,Calcium,Supplement,Management/Livestock Management/Feed Characteristic/Feed Composition/Feed Ingredient/Supplement/Mineral/Calcium,Mineral,identity,approve_workbook_identity_scope,approved,Pete Steward,2026-08-06,era_master_sheet.xlsx#AOM;sha256:f834c4f7837927774499eff4340c912784a3db10c2e19bd5d75a7f753df41438,Canonical workbook establishes governed ingredient identity and hierarchy; all unasserted material facets remain unspecified.
AOM_000755,Chalk,Supplement,Management/Livestock Management/Feed Characteristic/Feed Composition/Feed Ingredient/Supplement/Mineral/Chalk,Mineral,identity,approve_workbook_identity_scope,approved,Pete Steward,2026-08-06,era_master_sheet.xlsx#AOM;sha256:f834c4f7837927774499eff4340c912784a3db10c2e19bd5d75a7f753df41438,Canonical workbook establishes governed ingredient identity and hierarchy; all unasserted material facets remain unspecified.
AOM_000756,Copper,Supplement,Management/Livestock Management/Feed Characteristic/Feed Composition/Feed Ingredient/Supplement/Mineral/Copper,Mineral,identity,approve_workbook_identity_scope,approved,Pete Steward,2026-08-06,era_master_sheet.xlsx#AOM;sha256:f834c4f7837927774499eff4340c912784a3db10c2e19bd5d75a7f753df41438,Canonical workbook establishes governed ingredient identity and hierarchy; all unasserted material facets remain unspecified.
AOM_000757,Dicalcium Phosphate,Supplement,Management/Livestock Management/Feed Characteristic/Feed Composition/Feed Ingredient/Supplement/Mineral/Dicalcium Phosphate,Mineral,identity,approve_workbook_identity_scope,approved,Pete Steward,2026-08-06,era_master_sheet.xlsx#AOM;sha256:f834c4f7837927774499eff4340c912784a3db10c2e19bd5d75a7f753df41438,Canonical workbook establishes governed ingredient identity and hierarchy; all unasserted material facets remain unspecified.
AOM_000758,Iodated Salt,Supplement,Management/Livestock Management/Feed Characteristic/Feed Composition/Feed Ingredient/Supplement/Mineral/Iodated Salt,Mineral,identity,approve_workbook_identity_scope,approved,Pete Steward,2026-08-06,era_master_sheet.xlsx#AOM;sha256:f834c4f7837927774499eff4340c912784a3db10c2e19bd5d75a7f753df41438,Canonical workbook establishes governed ingredient identity and hierarchy; all unasserted material facets remain unspecified.
AOM_000759,Iodine,Supplement,Management/Livestock Management/Feed Characteristic/Feed Composition/Feed Ingredient/Supplement/Mineral/Iodine,Mineral,identity,approve_workbook_identity_scope,approved,Pete Steward,2026-08-06,era_master_sheet.xlsx#AOM;sha256:f834c4f7837927774499eff4340c912784a3db10c2e19bd5d75a7f753df41438,Canonical workbook establishes governed ingredient identity and hierarchy; all unasserted material facets remain unspecified.
AOM_000760,Lime,Supplement,Management/Livestock Management/Feed Characteristic/Feed Composition/Feed Ingredient/Supplement/Mineral/Lime,Mineral,identity,approve_workbook_identity_scope,approved,Pete Steward,2026-08-06,era_master_sheet.xlsx#AOM;sha256:f834c4f7837927774499eff4340c912784a3db10c2e19bd5d75a7f753df41438,Canonical workbook establishes governed ingredient identity and hierarchy; all unasserted material facets remain unspecified.
AOM_000763,Manganese,Supplement,Management/Livestock Management/Feed Characteristic/Feed Composition/Feed Ingredient/Supplement/Mineral/Manganese,Mineral,identity,approve_workbook_identity_scope,approved,Pete Steward,2026-08-06,era_master_sheet.xlsx#AOM;sha256:f834c4f7837927774499eff4340c912784a3db10c2e19bd5d75a7f753df41438,Canonical workbook establishes governed ingredient identity and hierarchy; all unasserted material facets remain unspecified.
AOM_000765,Maclik,Supplement,Management/Livestock Management/Feed Characteristic/Feed Composition/Feed Ingredient/Supplement/Mineral/Mineral Block/Maclik,Mineral Block,,hold_ambiguous_workbook_identity,held,Pete Steward,2026-08-06,era_master_sheet.xlsx#AOM;sha256:f834c4f7837927774499eff4340c912784a3db10c2e19bd5d75a7f753df41438,"Workbook supplies label and hierarchy only; commercial/local identity, category conflict, or compound component/process semantics require citable evidence and structured review."
AOM_000766,Mineral Lick,Supplement,Management/Livestock Management/Feed Characteristic/Feed Composition/Feed Ingredient/Supplement/Mineral/Mineral Lick,Mineral,identity,approve_workbook_identity_scope,approved,Pete Steward,2026-08-06,era_master_sheet.xlsx#AOM;sha256:f834c4f7837927774499eff4340c912784a3db10c2e19bd5d75a7f753df41438,Canonical workbook establishes governed ingredient identity and hierarchy; all unasserted material facets remain unspecified.
AOM_000768,Monocalcium Phosphate,Supplement,Management/Livestock Management/Feed Characteristic/Feed Composition/Feed Ingredient/Supplement/Mineral/Monocalcium Phosphate,Mineral,identity,approve_workbook_identity_scope,approved,Pete Steward,2026-08-06,era_master_sheet.xlsx#AOM;sha256:f834c4f7837927774499eff4340c912784a3db10c2e19bd5d75a7f753df41438,Canonical workbook establishes governed ingredient identity and hierarchy; all unasserted material facets remain unspecified.
AOM_000770,Phosphorus,Supplement,Management/Livestock Management/Feed Characteristic/Feed Composition/Feed Ingredient/Supplement/Mineral/Phosphorus,Mineral,identity,approve_workbook_identity_scope,approved,Pete Steward,2026-08-06,era_master_sheet.xlsx#AOM;sha256:f834c4f7837927774499eff4340c912784a3db10c2e19bd5d75a7f753df41438,Canonical workbook establishes governed ingredient identity and hierarchy; all unasserted material facets remain unspecified.
AOM_000772,Salt,Other Ingredients,Management/Livestock Management/Feed Characteristic/Feed Composition/Feed Ingredient/Other Ingredients/Mineral/Salt,Mineral,identity,approve_workbook_identity_scope,approved,Pete Steward,2026-08-06,era_master_sheet.xlsx#AOM;sha256:f834c4f7837927774499eff4340c912784a3db10c2e19bd5d75a7f753df41438,Canonical workbook establishes governed ingredient identity and hierarchy; all unasserted material facets remain unspecified.
AOM_000774,Selenium,Supplement,Management/Livestock Management/Feed Characteristic/Feed Composition/Feed Ingredient/Supplement/Mineral/Selenium,Mineral,identity,approve_workbook_identity_scope,approved,Pete Steward,2026-08-06,era_master_sheet.xlsx#AOM;sha256:f834c4f7837927774499eff4340c912784a3db10c2e19bd5d75a7f753df41438,Canonical workbook establishes governed ingredient identity and hierarchy; all unasserted material facets remain unspecified.
AOM_000776,Sulphur,Supplement,Management/Livestock Management/Feed Characteristic/Feed Composition/Feed Ingredient/Supplement/Mineral/Sulphur,Mineral,identity,approve_workbook_identity_scope,approved,Pete Steward,2026-08-06,era_master_sheet.xlsx#AOM;sha256:f834c4f7837927774499eff4340c912784a3db10c2e19bd5d75a7f753df41438,Canonical workbook establishes governed ingredient identity and hierarchy; all unasserted material facets remain unspecified.
AOM_000777,Tricalcium Phosphate,Supplement,Management/Livestock Management/Feed Characteristic/Feed Composition/Feed Ingredient/Supplement/Mineral/Tricalcium Phosphate,Mineral,identity,approve_workbook_identity_scope,approved,Pete Steward,2026-08-06,era_master_sheet.xlsx#AOM;sha256:f834c4f7837927774499eff4340c912784a3db10c2e19bd5d75a7f753df41438,Canonical workbook establishes governed ingredient identity and hierarchy; all unasserted material facets remain unspecified.
AOM_000778,Zinc,Supplement,Management/Livestock Management/Feed Characteristic/Feed Composition/Feed Ingredient/Supplement/Mineral/Zinc,Mineral,identity,approve_workbook_identity_scope,approved,Pete Steward,2026-08-06,era_master_sheet.xlsx#AOM;sha256:f834c4f7837927774499eff4340c912784a3db10c2e19bd5d75a7f753df41438,Canonical workbook establishes governed ingredient identity and hierarchy; all unasserted material facets remain unspecified.
AOM_000779,Mineral,Supplement,Management/Livestock Management/Feed Characteristic/Feed Composition/Feed Ingredient/Supplement/Mineral,Supplement,category,approve_hierarchy_category_scope,approved,Pete Steward,2026-08-06,era_master_sheet.xlsx#AOM;sha256:f834c4f7837927774499eff4340c912784a3db10c2e19bd5d75a7f753df41438,"Canonical workbook path establishes controlled classification role; definition adds no biological, chemical, or nutritional claim."
AOM_000780,Lecithin,Other Ingredients,Management/Livestock Management/Feed Characteristic/Feed Composition/Feed Ingredient/Other Ingredients/Lecithin,Other Ingredients,identity,approve_workbook_identity_scope,approved,Pete Steward,2026-08-06,era_master_sheet.xlsx#AOM;sha256:f834c4f7837927774499eff4340c912784a3db10c2e19bd5d75a7f753df41438,Canonical workbook establishes governed ingredient identity and hierarchy; all unasserted material facets remain unspecified.
AOM_000781,Other Ingredients,Other Ingredients,Management/Livestock Management/Feed Characteristic/Feed Composition/Feed Ingredient/Other Ingredients,Feed Ingredient,category,approve_hierarchy_category_scope,approved,Pete Steward,2026-08-06,era_master_sheet.xlsx#AOM;sha256:f834c4f7837927774499eff4340c912784a3db10c2e19bd5d75a7f753df41438,"Canonical workbook path establishes controlled classification role; definition adds no biological, chemical, or nutritional claim."
AOM_000782,Antitoxins,Other Ingredients,Management/Livestock Management/Feed Characteristic/Feed Composition/Feed Ingredient/Other Ingredients/Antitoxins,Other Ingredients,category,approve_hierarchy_category_scope,approved,Pete Steward,2026-08-06,era_master_sheet.xlsx#AOM;sha256:f834c4f7837927774499eff4340c912784a3db10c2e19bd5d75a7f753df41438,"Canonical workbook path establishes controlled classification role; definition adds no biological, chemical, or nutritional claim."
AOM_000788,Vitamin B12,Supplement,Management/Livestock Management/Feed Characteristic/Feed Composition/Feed Ingredient/Supplement/Vitamin/Vitamin B12,Vitamin,identity,approve_workbook_identity_scope,approved,Pete Steward,2026-08-06,era_master_sheet.xlsx#AOM;sha256:f834c4f7837927774499eff4340c912784a3db10c2e19bd5d75a7f753df41438,Canonical workbook establishes governed ingredient identity and hierarchy; all unasserted material facets remain unspecified.
AOM_000789,Vitamin C,Supplement,Management/Livestock Management/Feed Characteristic/Feed Composition/Feed Ingredient/Supplement/Vitamin/Vitamin C,Vitamin,identity,approve_workbook_identity_scope,approved,Pete Steward,2026-08-06,era_master_sheet.xlsx#AOM;sha256:f834c4f7837927774499eff4340c912784a3db10c2e19bd5d75a7f753df41438,Canonical workbook establishes governed ingredient identity and hierarchy; all unasserted material facets remain unspecified.
AOM_000790,Vitamin E,Supplement,Management/Livestock Management/Feed Characteristic/Feed Composition/Feed Ingredient/Supplement/Vitamin/Vitamin E,Vitamin,identity,approve_workbook_identity_scope,approved,Pete Steward,2026-08-06,era_master_sheet.xlsx#AOM;sha256:f834c4f7837927774499eff4340c912784a3db10c2e19bd5d75a7f753df41438,Canonical workbook establishes governed ingredient identity and hierarchy; all unasserted material facets remain unspecified.
AOM_000791,Vitamin Mix,Supplement,Management/Livestock Management/Feed Characteristic/Feed Composition/Feed Ingredient/Supplement/Vitamin/Vitamin Mix,Vitamin,category,approve_hierarchy_category_scope,approved,Pete Steward,2026-08-06,era_master_sheet.xlsx#AOM;sha256:f834c4f7837927774499eff4340c912784a3db10c2e19bd5d75a7f753df41438,"Canonical workbook path establishes controlled classification role; definition adds no biological, chemical, or nutritional claim."
AOM_000793,Vitamin,Supplement,Management/Livestock Management/Feed Characteristic/Feed Composition/Feed Ingredient/Supplement/Vitamin,Supplement,category,approve_hierarchy_category_scope,approved,Pete Steward,2026-08-06,era_master_sheet.xlsx#AOM;sha256:f834c4f7837927774499eff4340c912784a3db10c2e19bd5d75a7f753df41438,"Canonical workbook path establishes controlled classification role; definition adds no biological, chemical, or nutritional claim."
AOM_000794,Minerals and Vitamins Mix,Supplement,Management/Livestock Management/Feed Characteristic/Feed Composition/Feed Ingredient/Supplement/Mixture/Minerals and Vitamins Mix,Mixture,category,approve_hierarchy_category_scope,approved,Pete Steward,2026-08-06,era_master_sheet.xlsx#AOM;sha256:f834c4f7837927774499eff4340c912784a3db10c2e19bd5d75a7f753df41438,"Canonical workbook path establishes controlled classification role; definition adds no biological, chemical, or nutritional claim."
AOM_000795,Mixture,Supplement,Management/Livestock Management/Feed Characteristic/Feed Composition/Feed Ingredient/Supplement/Mixture,Supplement,category,approve_hierarchy_category_scope,approved,Pete Steward,2026-08-06,era_master_sheet.xlsx#AOM;sha256:f834c4f7837927774499eff4340c912784a3db10c2e19bd5d75a7f753df41438,"Canonical workbook path establishes controlled classification role; definition adds no biological, chemical, or nutritional claim."
AOM_000799,Commercial Feed,Preformulated Feed,Management/Livestock Management/Feed Characteristic/Feed Composition/Feed Ingredient/Preformulated Feed/Commercial Feed,Preformulated Feed,category,approve_hierarchy_category_scope,approved,Pete Steward,2026-08-06,era_master_sheet.xlsx#AOM;sha256:f834c4f7837927774499eff4340c912784a3db10c2e19bd5d75a7f753df41438,"Canonical workbook path establishes controlled classification role; definition adds no biological, chemical, or nutritional claim."
AOM_000800,Concentrate,Preformulated Feed,Management/Livestock Management/Feed Characteristic/Feed Composition/Feed Ingredient/Preformulated Feed/Concentrate,Preformulated Feed,category,approve_hierarchy_category_scope,approved,Pete Steward,2026-08-06,era_master_sheet.xlsx#AOM;sha256:f834c4f7837927774499eff4340c912784a3db10c2e19bd5d75a7f753df41438,"Canonical workbook path establishes controlled classification role; definition adds no biological, chemical, or nutritional claim."
AOM_000803,Layer Concentrate,Preformulated Feed,Management/Livestock Management/Feed Characteristic/Feed Composition/Feed Ingredient/Preformulated Feed/Concentrate/Layer Concentrate,Concentrate,identity,approve_workbook_identity_scope,approved,Pete Steward,2026-08-06,era_master_sheet.xlsx#AOM;sha256:f834c4f7837927774499eff4340c912784a3db10c2e19bd5d75a7f753df41438,Canonical workbook establishes governed ingredient identity and hierarchy; all unasserted material facets remain unspecified.
AOM_000804,Total Mixed Ration,Preformulated Feed,Management/Livestock Management/Feed Characteristic/Feed Composition/Feed Ingredient/Preformulated Feed/Total Mixed Ration,Preformulated Feed,identity,approve_workbook_identity_scope,approved,Pete Steward,2026-08-06,era_master_sheet.xlsx#AOM;sha256:f834c4f7837927774499eff4340c912784a3db10c2e19bd5d75a7f753df41438,Canonical workbook establishes governed ingredient identity and hierarchy; all unasserted material facets remain unspecified.
AOM_000805,Imported Concentrate,Preformulated Feed,Management/Livestock Management/Feed Characteristic/Feed Composition/Feed Ingredient/Preformulated Feed/Concentrate/Imported Concentrate,Concentrate,identity,approve_workbook_identity_scope,approved,Pete Steward,2026-08-06,era_master_sheet.xlsx#AOM;sha256:f834c4f7837927774499eff4340c912784a3db10c2e19bd5d75a7f753df41438,Canonical workbook establishes governed ingredient identity and hierarchy; all unasserted material facets remain unspecified.
AOM_000807,Prebiotic,Prebiotic,Management/Livestock Management/Feed Characteristic/Feed Composition/Feed Ingredient/Prebiotic,Feed Ingredient,category,approve_hierarchy_category_scope,approved,Pete Steward,2026-08-06,era_master_sheet.xlsx#AOM;sha256:f834c4f7837927774499eff4340c912784a3db10c2e19bd5d75a7f753df41438,"Canonical workbook path establishes controlled classification role; definition adds no biological, chemical, or nutritional claim."
AOM_000808,Fumaric Acid,Organic Acid,Management/Livestock Management/Feed Characteristic/Feed Composition/Feed Ingredient/Organic Acid/Fumaric Acid,Organic Acid,identity,approve_workbook_identity_scope,approved,Pete Steward,2026-08-06,era_master_sheet.xlsx#AOM;sha256:f834c4f7837927774499eff4340c912784a3db10c2e19bd5d75a7f753df41438,Canonical workbook establishes governed ingredient identity and hierarchy; all unasserted material facets remain unspecified.
AOM_000809,Essential Fatty Acid,Essential Fatty Acid,Management/Livestock Management/Feed Characteristic/Feed Composition/Feed Ingredient/Essential Fatty Acid,Feed Ingredient,category,approve_hierarchy_category_scope,approved,Pete Steward,2026-08-06,era_master_sheet.xlsx#AOM;sha256:f834c4f7837927774499eff4340c912784a3db10c2e19bd5d75a7f753df41438,"Canonical workbook path establishes controlled classification role; definition adds no biological, chemical, or nutritional claim."
AOM_000811,Herb or Extract,Herb or Extract,Management/Livestock Management/Feed Characteristic/Feed Composition/Feed Ingredient/Herb or Extract,Feed Ingredient,category,approve_hierarchy_category_scope,approved,Pete Steward,2026-08-06,era_master_sheet.xlsx#AOM;sha256:f834c4f7837927774499eff4340c912784a3db10c2e19bd5d75a7f753df41438,"Canonical workbook path establishes controlled classification role; definition adds no biological, chemical, or nutritional claim."
AOM_001066,Cobalt,Supplement,Management/Livestock Management/Feed Characteristic/Feed Composition/Feed Ingredient/Supplement/Mineral/Cobalt,Mineral,identity,approve_workbook_identity_scope,approved,Pete Steward,2026-08-06,era_master_sheet.xlsx#AOM;sha256:f834c4f7837927774499eff4340c912784a3db10c2e19bd5d75a7f753df41438,Canonical workbook establishes governed ingredient identity and hierarchy; all unasserted material facets remain unspecified.
AOM_001067,Copper Sulfate Anhydrous,Supplement,Management/Livestock Management/Feed Characteristic/Feed Composition/Feed Ingredient/Supplement/Mineral/Copper/Copper Sulfate Anhydrous,Copper,identity,approve_workbook_identity_scope,approved,Pete Steward,2026-08-06,era_master_sheet.xlsx#AOM;sha256:f834c4f7837927774499eff4340c912784a3db10c2e19bd5d75a7f753df41438,Canonical workbook establishes governed ingredient identity and hierarchy; all unasserted material facets remain unspecified.
AOM_001068,Pseudovitamin,Supplement,Management/Livestock Management/Feed Characteristic/Feed Composition/Feed Ingredient/Supplement/Pseudovitamin,Supplement,identity,approve_workbook_identity_scope,approved,Pete Steward,2026-08-06,era_master_sheet.xlsx#AOM;sha256:f834c4f7837927774499eff4340c912784a3db10c2e19bd5d75a7f753df41438,Canonical workbook establishes governed ingredient identity and hierarchy; all unasserted material facets remain unspecified.
AOM_001091,Anti-mycotoxin,Supplement,Management/Livestock Management/Feed Characteristic/Feed Composition/Feed Ingredient/Supplement/Anti-mycotoxin,Supplement,identity,approve_workbook_identity_scope,approved,Pete Steward,2026-08-06,era_master_sheet.xlsx#AOM;sha256:f834c4f7837927774499eff4340c912784a3db10c2e19bd5d75a7f753df41438,Canonical workbook establishes governed ingredient identity and hierarchy; all unasserted material facets remain unspecified.
AOM_001097,Pig Manure,Animal Manures,Management/Livestock Management/Feed Characteristic/Feed Composition/Feed Ingredient/Animal Manures/Pig /Pig Manure,Pig ,identity,approve_workbook_identity_scope,approved,Pete Steward,2026-08-06,era_master_sheet.xlsx#AOM;sha256:f834c4f7837927774499eff4340c912784a3db10c2e19bd5d75a7f753df41438,Canonical workbook establishes governed ingredient identity and hierarchy; all unasserted material facets remain unspecified.
AOM_001105,Lake Shells,Animal Byproduct,Management/Livestock Management/Feed Characteristic/Feed Composition/Feed Ingredient/Animal Byproduct/Shell/Lake Shells,Shell,,hold_ambiguous_workbook_identity,held,Pete Steward,2026-08-06,era_master_sheet.xlsx#AOM;sha256:f834c4f7837927774499eff4340c912784a3db10c2e19bd5d75a7f753df41438,"Workbook supplies label and hierarchy only; commercial/local identity, category conflict, or compound component/process semantics require citable evidence and structured review."
AOM_001115,Trout,Animal,Management/Livestock Management/Feed Characteristic/Feed Composition/Feed Ingredient/Animal/Fish/Trout,Fish,identity,approve_workbook_identity_scope,approved,Pete Steward,2026-08-06,era_master_sheet.xlsx#AOM;sha256:f834c4f7837927774499eff4340c912784a3db10c2e19bd5d75a7f753df41438,Canonical workbook establishes governed ingredient identity and hierarchy; all unasserted material facets remain unspecified.
AOM_001135,Calycotome villosa,Forage Plants,Management/Livestock Management/Feed Characteristic/Feed Composition/Feed Ingredient/Forage Plants/Forage Trees/Calycotome villosa,Forage Trees,identity,approve_workbook_identity_scope,approved,Pete Steward,2026-08-06,era_master_sheet.xlsx#AOM;sha256:f834c4f7837927774499eff4340c912784a3db10c2e19bd5d75a7f753df41438,Canonical workbook establishes governed ingredient identity and hierarchy; all unasserted material facets remain unspecified.
AOM_001146,Poultry Litter,Animal Manures,Management/Livestock Management/Feed Characteristic/Feed Composition/Feed Ingredient/Animal Manures/Poultry/Poultry Litter,Poultry,identity,approve_workbook_identity_scope,approved,Pete Steward,2026-08-06,era_master_sheet.xlsx#AOM;sha256:f834c4f7837927774499eff4340c912784a3db10c2e19bd5d75a7f753df41438,Canonical workbook establishes governed ingredient identity and hierarchy; all unasserted material facets remain unspecified.
AOM_001175,Unspecified Indigenous Trees,Forage Plants,Management/Livestock Management/Feed Characteristic/Feed Composition/Feed Ingredient/Forage Plants/Forage Trees/Unspecified Indigenous Trees,Forage Trees,identity,approve_workbook_identity_scope,approved,Pete Steward,2026-08-06,era_master_sheet.xlsx#AOM;sha256:f834c4f7837927774499eff4340c912784a3db10c2e19bd5d75a7f753df41438,Canonical workbook establishes governed ingredient identity and hierarchy; all unasserted material facets remain unspecified.
AOM_001273,Unspecified Crop Residue,Crop Byproduct,Management/Livestock Management/Feed Characteristic/Feed Composition/Feed Ingredient/Crop Byproduct/Unspecified Crop Residue,Crop Byproduct,category,approve_hierarchy_category_scope,approved,Pete Steward,2026-08-06,era_master_sheet.xlsx#AOM;sha256:f834c4f7837927774499eff4340c912784a3db10c2e19bd5d75a7f753df41438,"Canonical workbook path establishes controlled classification role; definition adds no biological, chemical, or nutritional claim."
AOM_001367,Ammonium Chloride,Supplement,Management/Livestock Management/Feed Characteristic/Feed Composition/Feed Ingredient/Supplement/Mineral/Ammonium Chloride,Mineral,identity,approve_workbook_identity_scope,approved,Pete Steward,2026-08-06,era_master_sheet.xlsx#AOM;sha256:f834c4f7837927774499eff4340c912784a3db10c2e19bd5d75a7f753df41438,Canonical workbook establishes governed ingredient identity and hierarchy; all unasserted material facets remain unspecified.
AOM_001368,Ammonium Sulphate,Supplement,Management/Livestock Management/Feed Characteristic/Feed Composition/Feed Ingredient/Supplement/Mineral/Ammonium Sulphate,Mineral,identity,approve_workbook_identity_scope,approved,Pete Steward,2026-08-06,era_master_sheet.xlsx#AOM;sha256:f834c4f7837927774499eff4340c912784a3db10c2e19bd5d75a7f753df41438,Canonical workbook establishes governed ingredient identity and hierarchy; all unasserted material facets remain unspecified.
AOM_001369,Calcium Bicarbonate,Supplement,Management/Livestock Management/Feed Characteristic/Feed Composition/Feed Ingredient/Supplement/Mineral/Calcium Bicarbonate,Mineral,identity,approve_workbook_identity_scope,approved,Pete Steward,2026-08-06,era_master_sheet.xlsx#AOM;sha256:f834c4f7837927774499eff4340c912784a3db10c2e19bd5d75a7f753df41438,Canonical workbook establishes governed ingredient identity and hierarchy; all unasserted material facets remain unspecified.
AOM_001370,Calcium Carbonate,Supplement,Management/Livestock Management/Feed Characteristic/Feed Composition/Feed Ingredient/Supplement/Mineral/Calcium Carbonate,Mineral,identity,approve_workbook_identity_scope,approved,Pete Steward,2026-08-06,era_master_sheet.xlsx#AOM;sha256:f834c4f7837927774499eff4340c912784a3db10c2e19bd5d75a7f753df41438,Canonical workbook establishes governed ingredient identity and hierarchy; all unasserted material facets remain unspecified.
AOM_001371,Calcium Oxide,Supplement,Management/Livestock Management/Feed Characteristic/Feed Composition/Feed Ingredient/Supplement/Mineral/Calcium Oxide,Mineral,identity,approve_workbook_identity_scope,approved,Pete Steward,2026-08-06,era_master_sheet.xlsx#AOM;sha256:f834c4f7837927774499eff4340c912784a3db10c2e19bd5d75a7f753df41438,Canonical workbook establishes governed ingredient identity and hierarchy; all unasserted material facets remain unspecified.
AOM_001372,Calcium Phosphate,Supplement,Management/Livestock Management/Feed Characteristic/Feed Composition/Feed Ingredient/Supplement/Mineral/Calcium Phosphate,Mineral,identity,approve_workbook_identity_scope,approved,Pete Steward,2026-08-06,era_master_sheet.xlsx#AOM;sha256:f834c4f7837927774499eff4340c912784a3db10c2e19bd5d75a7f753df41438,Canonical workbook establishes governed ingredient identity and hierarchy; all unasserted material facets remain unspecified.
AOM_001374,Gelatin,Other Ingredients,Management/Livestock Management/Feed Characteristic/Feed Composition/Feed Ingredient/Other Ingredients/Binder/Gelatin,Binder,identity,approve_workbook_identity_scope,approved,Pete Steward,2026-08-06,era_master_sheet.xlsx#AOM;sha256:f834c4f7837927774499eff4340c912784a3db10c2e19bd5d75a7f753df41438,Canonical workbook establishes governed ingredient identity and hierarchy; all unasserted material facets remain unspecified.
AOM_001376,Dexapanthenol,Supplement,Management/Livestock Management/Feed Characteristic/Feed Composition/Feed Ingredient/Supplement/Vitamin/Dexapanthenol,Vitamin,identity,approve_workbook_identity_scope,approved,Pete Steward,2026-08-06,era_master_sheet.xlsx#AOM;sha256:f834c4f7837927774499eff4340c912784a3db10c2e19bd5d75a7f753df41438,Canonical workbook establishes governed ingredient identity and hierarchy; all unasserted material facets remain unspecified.
AOM_001378,Magnesium Oxide,Supplement,Management/Livestock Management/Feed Characteristic/Feed Composition/Feed Ingredient/Supplement/Mineral/Magnesium Oxide,Mineral,identity,approve_workbook_identity_scope,approved,Pete Steward,2026-08-06,era_master_sheet.xlsx#AOM;sha256:f834c4f7837927774499eff4340c912784a3db10c2e19bd5d75a7f753df41438,Canonical workbook establishes governed ingredient identity and hierarchy; all unasserted material facets remain unspecified.
AOM_001415,Mineral Mix,Supplement,Management/Livestock Management/Feed Characteristic/Feed Composition/Feed Ingredient/Supplement/Mineral/Mineral Mix,Mineral,identity,approve_workbook_identity_scope,approved,Pete Steward,2026-08-06,era_master_sheet.xlsx#AOM;sha256:f834c4f7837927774499eff4340c912784a3db10c2e19bd5d75a7f753df41438,Canonical workbook establishes governed ingredient identity and hierarchy; all unasserted material facets remain unspecified.
AOM_001417,Zinc Manganese,Supplement,Management/Livestock Management/Feed Characteristic/Feed Composition/Feed Ingredient/Supplement/Mineral/Zinc Manganese,Mineral,identity,approve_workbook_identity_scope,approved,Pete Steward,2026-08-06,era_master_sheet.xlsx#AOM;sha256:f834c4f7837927774499eff4340c912784a3db10c2e19bd5d75a7f753df41438,Canonical workbook establishes governed ingredient identity and hierarchy; all unasserted material facets remain unspecified.
AOM_001418,Zinc Oxide,Supplement,Management/Livestock Management/Feed Characteristic/Feed Composition/Feed Ingredient/Supplement/Mineral/Zinc Oxide,Mineral,identity,approve_workbook_identity_scope,approved,Pete Steward,2026-08-06,era_master_sheet.xlsx#AOM;sha256:f834c4f7837927774499eff4340c912784a3db10c2e19bd5d75a7f753df41438,Canonical workbook establishes governed ingredient identity and hierarchy; all unasserted material facets remain unspecified.
AOM_001422,Spent Yeast,Probiotic,Management/Livestock Management/Feed Characteristic/Feed Composition/Feed Ingredient/Probiotic/Spent Yeast,Probiotic,identity,approve_workbook_identity_scope,approved,Pete Steward,2026-08-06,era_master_sheet.xlsx#AOM;sha256:f834c4f7837927774499eff4340c912784a3db10c2e19bd5d75a7f753df41438,Canonical workbook establishes governed ingredient identity and hierarchy; all unasserted material facets remain unspecified.
AOM_001423,Bentonite,Other Ingredients,Management/Livestock Management/Feed Characteristic/Feed Composition/Feed Ingredient/Other Ingredients/Binder/Bentonite,Binder,identity,approve_workbook_identity_scope,approved,Pete Steward,2026-08-06,era_master_sheet.xlsx#AOM;sha256:f834c4f7837927774499eff4340c912784a3db10c2e19bd5d75a7f753df41438,Canonical workbook establishes governed ingredient identity and hierarchy; all unasserted material facets remain unspecified.
AOM_001427,Potassium Carbonate,Supplement,Management/Livestock Management/Feed Characteristic/Feed Composition/Feed Ingredient/Supplement/Mineral/Potassium Carbonate,Mineral,identity,approve_workbook_identity_scope,approved,Pete Steward,2026-08-06,era_master_sheet.xlsx#AOM;sha256:f834c4f7837927774499eff4340c912784a3db10c2e19bd5d75a7f753df41438,Canonical workbook establishes governed ingredient identity and hierarchy; all unasserted material facets remain unspecified.
AOM_001428,Minerals and Salt,Supplement,Management/Livestock Management/Feed Characteristic/Feed Composition/Feed Ingredient/Supplement/Mixture/Minerals and Salt,Mixture,identity,approve_workbook_identity_scope,approved,Pete Steward,2026-08-06,era_master_sheet.xlsx#AOM;sha256:f834c4f7837927774499eff4340c912784a3db10c2e19bd5d75a7f753df41438,Canonical workbook establishes governed ingredient identity and hierarchy; all unasserted material facets remain unspecified.
AOM_001431,Minerals and Urea Mix,Supplement,Management/Livestock Management/Feed Characteristic/Feed Composition/Feed Ingredient/Supplement/Mixture/Minerals and Urea Mix,Mixture,identity,approve_workbook_identity_scope,approved,Pete Steward,2026-08-06,era_master_sheet.xlsx#AOM;sha256:f834c4f7837927774499eff4340c912784a3db10c2e19bd5d75a7f753df41438,Canonical workbook establishes governed ingredient identity and hierarchy; all unasserted material facets remain unspecified.
AOM_001486,Lignobond,Other Ingredients,Management/Livestock Management/Feed Characteristic/Feed Composition/Feed Ingredient/Other Ingredients/Binder/Lignobond,Binder,,hold_ambiguous_workbook_identity,held,Pete Steward,2026-08-06,era_master_sheet.xlsx#AOM;sha256:f834c4f7837927774499eff4340c912784a3db10c2e19bd5d75a7f753df41438,"Workbook supplies label and hierarchy only; commercial/local identity, category conflict, or compound component/process semantics require citable evidence and structured review."
AOM_001487,Sodium Sulfate,Supplement,Management/Livestock Management/Feed Characteristic/Feed Composition/Feed Ingredient/Supplement/Mineral/Sodium Sulfate,Mineral,identity,approve_workbook_identity_scope,approved,Pete Steward,2026-08-06,era_master_sheet.xlsx#AOM;sha256:f834c4f7837927774499eff4340c912784a3db10c2e19bd5d75a7f753df41438,Canonical workbook establishes governed ingredient identity and hierarchy; all unasserted material facets remain unspecified.
AOM_001490,Trimethyl Cellulose,Other Ingredients,Management/Livestock Management/Feed Characteristic/Feed Composition/Feed Ingredient/Other Ingredients/Binder/Trimethyl Cellulose,Binder,identity,approve_workbook_identity_scope,approved,Pete Steward,2026-08-06,era_master_sheet.xlsx#AOM;sha256:f834c4f7837927774499eff4340c912784a3db10c2e19bd5d75a7f753df41438,Canonical workbook establishes governed ingredient identity and hierarchy; all unasserted material facets remain unspecified.
AOM_001491,Preformulated Feed,Preformulated Feed,Management/Livestock Management/Feed Characteristic/Feed Composition/Feed Ingredient/Preformulated Feed,Feed Ingredient,category,approve_hierarchy_category_scope,approved,Pete Steward,2026-08-06,era_master_sheet.xlsx#AOM;sha256:f834c4f7837927774499eff4340c912784a3db10c2e19bd5d75a7f753df41438,"Canonical workbook path establishes controlled classification role; definition adds no biological, chemical, or nutritional claim."
AOM_001492,Protein-Mineral Concentrate,Preformulated Feed,Management/Livestock Management/Feed Characteristic/Feed Composition/Feed Ingredient/Preformulated Feed/Concentrate/Protein-Mineral Concentrate,Concentrate,identity,approve_workbook_identity_scope,approved,Pete Steward,2026-08-06,era_master_sheet.xlsx#AOM;sha256:f834c4f7837927774499eff4340c912784a3db10c2e19bd5d75a7f753df41438,Canonical workbook establishes governed ingredient identity and hierarchy; all unasserted material facets remain unspecified.
AOM_001493,Growers Concentrate,Preformulated Feed,Management/Livestock Management/Feed Characteristic/Feed Composition/Feed Ingredient/Preformulated Feed/Concentrate/Growers Concentrate,Concentrate,identity,approve_workbook_identity_scope,approved,Pete Steward,2026-08-06,era_master_sheet.xlsx#AOM;sha256:f834c4f7837927774499eff4340c912784a3db10c2e19bd5d75a7f753df41438,Canonical workbook establishes governed ingredient identity and hierarchy; all unasserted material facets remain unspecified.
AOM_001494,Finisher Diet,Preformulated Feed,Management/Livestock Management/Feed Characteristic/Feed Composition/Feed Ingredient/Preformulated Feed/Finisher Diet,Preformulated Feed,identity,approve_workbook_identity_scope,approved,Pete Steward,2026-08-06,era_master_sheet.xlsx#AOM;sha256:f834c4f7837927774499eff4340c912784a3db10c2e19bd5d75a7f753df41438,Canonical workbook establishes governed ingredient identity and hierarchy; all unasserted material facets remain unspecified.
AOM_001495,Growers Diet,Preformulated Feed,Management/Livestock Management/Feed Characteristic/Feed Composition/Feed Ingredient/Preformulated Feed/Growers Diet,Preformulated Feed,identity,approve_workbook_identity_scope,approved,Pete Steward,2026-08-06,era_master_sheet.xlsx#AOM;sha256:f834c4f7837927774499eff4340c912784a3db10c2e19bd5d75a7f753df41438,Canonical workbook establishes governed ingredient identity and hierarchy; all unasserted material facets remain unspecified.
AOM_001496,Starter Diet,Preformulated Feed,Management/Livestock Management/Feed Characteristic/Feed Composition/Feed Ingredient/Preformulated Feed/Starter Diet,Preformulated Feed,identity,approve_workbook_identity_scope,approved,Pete Steward,2026-08-06,era_master_sheet.xlsx#AOM;sha256:f834c4f7837927774499eff4340c912784a3db10c2e19bd5d75a7f753df41438,Canonical workbook establishes governed ingredient identity and hierarchy; all unasserted material facets remain unspecified.
AOM_001497,Megalac,Preformulated Feed,Management/Livestock Management/Feed Characteristic/Feed Composition/Feed Ingredient/Preformulated Feed/Megalac,Preformulated Feed,,hold_ambiguous_workbook_identity,held,Pete Steward,2026-08-06,era_master_sheet.xlsx#AOM;sha256:f834c4f7837927774499eff4340c912784a3db10c2e19bd5d75a7f753df41438,"Workbook supplies label and hierarchy only; commercial/local identity, category conflict, or compound component/process semantics require citable evidence and structured review."
AOM_001500,ACTIPAL HP 1,Preformulated Feed,Management/Livestock Management/Feed Characteristic/Feed Composition/Feed Ingredient/Preformulated Feed/ACTIPAL HP 1,Preformulated Feed,,hold_ambiguous_workbook_identity,held,Pete Steward,2026-08-06,era_master_sheet.xlsx#AOM;sha256:f834c4f7837927774499eff4340c912784a3db10c2e19bd5d75a7f753df41438,"Workbook supplies label and hierarchy only; commercial/local identity, category conflict, or compound component/process semantics require citable evidence and structured review."
AOM_001501,AquaNutro Abalone Grower,Preformulated Feed,Management/Livestock Management/Feed Characteristic/Feed Composition/Feed Ingredient/Preformulated Feed/AquaNutro Abalone Grower,Preformulated Feed,,hold_ambiguous_workbook_identity,held,Pete Steward,2026-08-06,era_master_sheet.xlsx#AOM;sha256:f834c4f7837927774499eff4340c912784a3db10c2e19bd5d75a7f753df41438,"Workbook supplies label and hierarchy only; commercial/local identity, category conflict, or compound component/process semantics require citable evidence and structured review."
AOM_001502,Swine Mix,Preformulated Feed,Management/Livestock Management/Feed Characteristic/Feed Composition/Feed Ingredient/Preformulated Feed/Swine Mix,Preformulated Feed,identity,approve_workbook_identity_scope,approved,Pete Steward,2026-08-06,era_master_sheet.xlsx#AOM;sha256:f834c4f7837927774499eff4340c912784a3db10c2e19bd5d75a7f753df41438,Canonical workbook establishes governed ingredient identity and hierarchy; all unasserted material facets remain unspecified.
AOM_001503,Polyethylene,Other Ingredients,Management/Livestock Management/Feed Characteristic/Feed Composition/Feed Ingredient/Other Ingredients/Binder/Polyethylene,Binder,identity,approve_workbook_identity_scope,approved,Pete Steward,2026-08-06,era_master_sheet.xlsx#AOM;sha256:f834c4f7837927774499eff4340c912784a3db10c2e19bd5d75a7f753df41438,Canonical workbook establishes governed ingredient identity and hierarchy; all unasserted material facets remain unspecified.
AOM_001504,Polyethylene glycol,Other Ingredients,Management/Livestock Management/Feed Characteristic/Feed Composition/Feed Ingredient/Other Ingredients/Binder/Polyethylene glycol,Binder,identity,approve_workbook_identity_scope,approved,Pete Steward,2026-08-06,era_master_sheet.xlsx#AOM;sha256:f834c4f7837927774499eff4340c912784a3db10c2e19bd5d75a7f753df41438,Canonical workbook establishes governed ingredient identity and hierarchy; all unasserted material facets remain unspecified.
AOM_001505,Polyvitamins,Supplement,Management/Livestock Management/Feed Characteristic/Feed Composition/Feed Ingredient/Supplement/Vitamin/Polyvitamins,Vitamin,identity,approve_workbook_identity_scope,approved,Pete Steward,2026-08-06,era_master_sheet.xlsx#AOM;sha256:f834c4f7837927774499eff4340c912784a3db10c2e19bd5d75a7f753df41438,Canonical workbook establishes governed ingredient identity and hierarchy; all unasserted material facets remain unspecified.
AOM_001506,Kanwa-Potassium Salt,Supplement,Management/Livestock Management/Feed Characteristic/Feed Composition/Feed Ingredient/Supplement/Mineral/Kanwa-Potassium Salt,Mineral,identity,approve_workbook_identity_scope,approved,Pete Steward,2026-08-06,era_master_sheet.xlsx#AOM;sha256:f834c4f7837927774499eff4340c912784a3db10c2e19bd5d75a7f753df41438,Canonical workbook establishes governed ingredient identity and hierarchy; all unasserted material facets remain unspecified.
AOM_001507,Unspecified,Other Ingredients,Management/Livestock Management/Feed Characteristic/Feed Composition/Feed Ingredient/Other Ingredients/Unspecified,Other Ingredients,category,approve_hierarchy_category_scope,approved,Pete Steward,2026-08-06,era_master_sheet.xlsx#AOM;sha256:f834c4f7837927774499eff4340c912784a3db10c2e19bd5d75a7f753df41438,"Canonical workbook path establishes controlled classification role; definition adds no biological, chemical, or nutritional claim."
AOM_001508,Lactobacillus plantarum,Prebiotic,Management/Livestock Management/Feed Characteristic/Feed Composition/Feed Ingredient/Prebiotic/Lactobacillus plantarum,Prebiotic,,hold_ambiguous_workbook_identity,held,Pete Steward,2026-08-06,era_master_sheet.xlsx#AOM;sha256:f834c4f7837927774499eff4340c912784a3db10c2e19bd5d75a7f753df41438,"Workbook supplies label and hierarchy only; commercial/local identity, category conflict, or compound component/process semantics require citable evidence and structured review."
AOM_001509,Potassium Humate,Supplement,Management/Livestock Management/Feed Characteristic/Feed Composition/Feed Ingredient/Supplement/Mineral/Potassium Humate,Mineral,identity,approve_workbook_identity_scope,approved,Pete Steward,2026-08-06,era_master_sheet.xlsx#AOM;sha256:f834c4f7837927774499eff4340c912784a3db10c2e19bd5d75a7f753df41438,Canonical workbook establishes governed ingredient identity and hierarchy; all unasserted material facets remain unspecified.
AOM_001538,Crossopterix febrifuga,Forage Plants,Management/Livestock Management/Feed Characteristic/Feed Composition/Feed Ingredient/Forage Plants/Other Forage Plants/Crossopterix febrifuga,Other Forage Plants,identity,approve_workbook_identity_scope,approved,Pete Steward,2026-08-06,era_master_sheet.xlsx#AOM;sha256:f834c4f7837927774499eff4340c912784a3db10c2e19bd5d75a7f753df41438,Canonical workbook establishes governed ingredient identity and hierarchy; all unasserted material facets remain unspecified.
AOM_001549,Talinium triangulare,Forage Plants,Management/Livestock Management/Feed Characteristic/Feed Composition/Feed Ingredient/Forage Plants/Other Forage Plants/Talinium triangulare,Other Forage Plants,identity,approve_workbook_identity_scope,approved,Pete Steward,2026-08-06,era_master_sheet.xlsx#AOM;sha256:f834c4f7837927774499eff4340c912784a3db10c2e19bd5d75a7f753df41438,Canonical workbook establishes governed ingredient identity and hierarchy; all unasserted material facets remain unspecified.
AOM_001571,Protein,Supplement,Management/Livestock Management/Feed Characteristic/Feed Composition/Feed Ingredient/Supplement/Protein,Supplement,identity,approve_workbook_identity_scope,approved,Pete Steward,2026-08-06,era_master_sheet.xlsx#AOM;sha256:f834c4f7837927774499eff4340c912784a3db10c2e19bd5d75a7f753df41438,Canonical workbook establishes governed ingredient identity and hierarchy; all unasserted material facets remain unspecified.
AOM_001572,Casein,Supplement,Management/Livestock Management/Feed Characteristic/Feed Composition/Feed Ingredient/Supplement/Protein/Casein,Protein,identity,approve_workbook_identity_scope,approved,Pete Steward,2026-08-06,era_master_sheet.xlsx#AOM;sha256:f834c4f7837927774499eff4340c912784a3db10c2e19bd5d75a7f753df41438,Canonical workbook establishes governed ingredient identity and hierarchy; all unasserted material facets remain unspecified.
AOM_001577,Carbohydrate,Supplement,Management/Livestock Management/Feed Characteristic/Feed Composition/Feed Ingredient/Supplement/Carbohydrate,Supplement,identity,approve_workbook_identity_scope,approved,Pete Steward,2026-08-06,era_master_sheet.xlsx#AOM;sha256:f834c4f7837927774499eff4340c912784a3db10c2e19bd5d75a7f753df41438,Canonical workbook establishes governed ingredient identity and hierarchy; all unasserted material facets remain unspecified.
AOM_001578,Dextrin,Supplement,Management/Livestock Management/Feed Characteristic/Feed Composition/Feed Ingredient/Supplement/Carbohydrate/Dextrin,Carbohydrate,identity,approve_workbook_identity_scope,approved,Pete Steward,2026-08-06,era_master_sheet.xlsx#AOM;sha256:f834c4f7837927774499eff4340c912784a3db10c2e19bd5d75a7f753df41438,Canonical workbook establishes governed ingredient identity and hierarchy; all unasserted material facets remain unspecified.
AOM_001579,Elancoban,Preformulated Feed,Management/Livestock Management/Feed Characteristic/Feed Composition/Feed Ingredient/Preformulated Feed/Elancoban,Preformulated Feed,,hold_ambiguous_workbook_identity,held,Pete Steward,2026-08-06,era_master_sheet.xlsx#AOM;sha256:f834c4f7837927774499eff4340c912784a3db10c2e19bd5d75a7f753df41438,"Workbook supplies label and hierarchy only; commercial/local identity, category conflict, or compound component/process semantics require citable evidence and structured review."
AOM_001749,Urea,Supplement,Management/Livestock Management/Feed Characteristic/Feed Composition/Feed Ingredient/Supplement/Urea,Supplement,identity,approve_workbook_identity_scope,approved,Pete Steward,2026-08-06,era_master_sheet.xlsx#AOM;sha256:f834c4f7837927774499eff4340c912784a3db10c2e19bd5d75a7f753df41438,Canonical workbook establishes governed ingredient identity and hierarchy; all unasserted material facets remain unspecified.
AOM_001773,Trace-elements Mix,Supplement,Management/Livestock Management/Feed Characteristic/Feed Composition/Feed Ingredient/Supplement/Mineral/Mineral Mix/Trace-elements Mix,Mineral Mix,identity,approve_workbook_identity_scope,approved,Pete Steward,2026-08-06,era_master_sheet.xlsx#AOM;sha256:f834c4f7837927774499eff4340c912784a3db10c2e19bd5d75a7f753df41438,Canonical workbook establishes governed ingredient identity and hierarchy; all unasserted material facets remain unspecified.
AOM_001789,Pasture,Forage Plants,Management/Livestock Management/Feed Characteristic/Feed Composition/Feed Ingredient/Forage Plants/Cereal and Grass Forages/Pasture,Cereal and Grass Forages,category,approve_hierarchy_category_scope,approved,Pete Steward,2026-08-06,era_master_sheet.xlsx#AOM;sha256:f834c4f7837927774499eff4340c912784a3db10c2e19bd5d75a7f753df41438,"Canonical workbook path establishes controlled classification role; definition adds no biological, chemical, or nutritional claim."
AOM_001824,Wood Charcoal,Other Ingredients,Management/Livestock Management/Feed Characteristic/Feed Composition/Feed Ingredient/Other Ingredients/Wood Charcoal,Other Ingredients,identity,approve_workbook_identity_scope,approved,Pete Steward,2026-08-06,era_master_sheet.xlsx#AOM;sha256:f834c4f7837927774499eff4340c912784a3db10c2e19bd5d75a7f753df41438,Canonical workbook establishes governed ingredient identity and hierarchy; all unasserted material facets remain unspecified.
AOM_001825,Olaquindox,Other Ingredients,Management/Livestock Management/Feed Characteristic/Feed Composition/Feed Ingredient/Other Ingredients/Olaquindox,Other Ingredients,identity,approve_workbook_identity_scope,approved,Pete Steward,2026-08-06,era_master_sheet.xlsx#AOM;sha256:f834c4f7837927774499eff4340c912784a3db10c2e19bd5d75a7f753df41438,Canonical workbook establishes governed ingredient identity and hierarchy; all unasserted material facets remain unspecified.
AOM_001826,ChemBind,Other Ingredients,Management/Livestock Management/Feed Characteristic/Feed Composition/Feed Ingredient/Other Ingredients/Binder/ChemBind,Binder,,hold_ambiguous_workbook_identity,held,Pete Steward,2026-08-06,era_master_sheet.xlsx#AOM;sha256:f834c4f7837927774499eff4340c912784a3db10c2e19bd5d75a7f753df41438,"Workbook supplies label and hierarchy only; commercial/local identity, category conflict, or compound component/process semantics require citable evidence and structured review."
AOM_001827,Popcorn Waste,Other Ingredients,Management/Livestock Management/Feed Characteristic/Feed Composition/Feed Ingredient/Other Ingredients/Processed Food Byproducts/Popcorn Waste,Processed Food Byproducts,identity,approve_workbook_identity_scope,approved,Pete Steward,2026-08-06,era_master_sheet.xlsx#AOM;sha256:f834c4f7837927774499eff4340c912784a3db10c2e19bd5d75a7f753df41438,Canonical workbook establishes governed ingredient identity and hierarchy; all unasserted material facets remain unspecified.
AOM_001831,Vitalite,Other Ingredients,Management/Livestock Management/Feed Characteristic/Feed Composition/Feed Ingredient/Other Ingredients/Processed Food Byproducts/Vitalite,Processed Food Byproducts,,hold_ambiguous_workbook_identity,held,Pete Steward,2026-08-06,era_master_sheet.xlsx#AOM;sha256:f834c4f7837927774499eff4340c912784a3db10c2e19bd5d75a7f753df41438,"Workbook supplies label and hierarchy only; commercial/local identity, category conflict, or compound component/process semantics require citable evidence and structured review."
AOM_001832,Starch,Other Ingredients,Management/Livestock Management/Feed Characteristic/Feed Composition/Feed Ingredient/Other Ingredients/Starch,Other Ingredients,identity,approve_workbook_identity_scope,approved,Pete Steward,2026-08-06,era_master_sheet.xlsx#AOM;sha256:f834c4f7837927774499eff4340c912784a3db10c2e19bd5d75a7f753df41438,Canonical workbook establishes governed ingredient identity and hierarchy; all unasserted material facets remain unspecified.
AOM_001834,Vitamin D3,Supplement,Management/Livestock Management/Feed Characteristic/Feed Composition/Feed Ingredient/Supplement/Vitamin/Vitamin D3,Vitamin,identity,approve_workbook_identity_scope,approved,Pete Steward,2026-08-06,era_master_sheet.xlsx#AOM;sha256:f834c4f7837927774499eff4340c912784a3db10c2e19bd5d75a7f753df41438,Canonical workbook establishes governed ingredient identity and hierarchy; all unasserted material facets remain unspecified.
AOM_001838,Biscuit Waste,Other Ingredients,Management/Livestock Management/Feed Characteristic/Feed Composition/Feed Ingredient/Other Ingredients/Processed Food Byproducts/Biscuit Waste,Processed Food Byproducts,identity,approve_workbook_identity_scope,approved,Pete Steward,2026-08-06,era_master_sheet.xlsx#AOM;sha256:f834c4f7837927774499eff4340c912784a3db10c2e19bd5d75a7f753df41438,Canonical workbook establishes governed ingredient identity and hierarchy; all unasserted material facets remain unspecified.
AOM_001839,Vitamin AD3E,Supplement,Management/Livestock Management/Feed Characteristic/Feed Composition/Feed Ingredient/Supplement/Vitamin/Vitamin AD3E,Vitamin,identity,approve_workbook_identity_scope,approved,Pete Steward,2026-08-06,era_master_sheet.xlsx#AOM;sha256:f834c4f7837927774499eff4340c912784a3db10c2e19bd5d75a7f753df41438,Canonical workbook establishes governed ingredient identity and hierarchy; all unasserted material facets remain unspecified.
AOM_001864,Forb,Forage Plants,Management/Livestock Management/Feed Characteristic/Feed Composition/Feed Ingredient/Forage Plants/Other Forage Plants/Forb,Other Forage Plants,category,approve_hierarchy_category_scope,approved,Pete Steward,2026-08-06,era_master_sheet.xlsx#AOM;sha256:f834c4f7837927774499eff4340c912784a3db10c2e19bd5d75a7f753df41438,"Canonical workbook path establishes controlled classification role; definition adds no biological, chemical, or nutritional claim."
AOM_001865,Free Gossypol,Other Ingredients,Management/Livestock Management/Feed Characteristic/Feed Composition/Feed Ingredient/Other Ingredients/Free Gossypol,Other Ingredients,identity,approve_workbook_identity_scope,approved,Pete Steward,2026-08-06,era_master_sheet.xlsx#AOM;sha256:f834c4f7837927774499eff4340c912784a3db10c2e19bd5d75a7f753df41438,Canonical workbook establishes governed ingredient identity and hierarchy; all unasserted material facets remain unspecified.
AOM_001866,Glycerol,Other Ingredients,Management/Livestock Management/Feed Characteristic/Feed Composition/Feed Ingredient/Other Ingredients/Glycerol,Other Ingredients,identity,approve_workbook_identity_scope,approved,Pete Steward,2026-08-06,era_master_sheet.xlsx#AOM;sha256:f834c4f7837927774499eff4340c912784a3db10c2e19bd5d75a7f753df41438,Canonical workbook establishes governed ingredient identity and hierarchy; all unasserted material facets remain unspecified.
AOM_001867,Sand,Other Ingredients,Management/Livestock Management/Feed Characteristic/Feed Composition/Feed Ingredient/Other Ingredients/Sand,Other Ingredients,identity,approve_workbook_identity_scope,approved,Pete Steward,2026-08-06,era_master_sheet.xlsx#AOM;sha256:f834c4f7837927774499eff4340c912784a3db10c2e19bd5d75a7f753df41438,Canonical workbook establishes governed ingredient identity and hierarchy; all unasserted material facets remain unspecified.
AOM_001868,Toxynil,Other Ingredients,Management/Livestock Management/Feed Characteristic/Feed Composition/Feed Ingredient/Other Ingredients/Toxynil,Other Ingredients,,hold_ambiguous_workbook_identity,held,Pete Steward,2026-08-06,era_master_sheet.xlsx#AOM;sha256:f834c4f7837927774499eff4340c912784a3db10c2e19bd5d75a7f753df41438,"Workbook supplies label and hierarchy only; commercial/local identity, category conflict, or compound component/process semantics require citable evidence and structured review."
AOM_001869,Waste Activated Sludge,Other Ingredients,Management/Livestock Management/Feed Characteristic/Feed Composition/Feed Ingredient/Other Ingredients/Waste Activated Sludge,Other Ingredients,identity,approve_workbook_identity_scope,approved,Pete Steward,2026-08-06,era_master_sheet.xlsx#AOM;sha256:f834c4f7837927774499eff4340c912784a3db10c2e19bd5d75a7f753df41438,Canonical workbook establishes governed ingredient identity and hierarchy; all unasserted material facets remain unspecified.
AOM_001870,Prime Gluten 60,Preformulated Feed,Management/Livestock Management/Feed Characteristic/Feed Composition/Feed Ingredient/Preformulated Feed/Prime Gluten 60,Preformulated Feed,,hold_ambiguous_workbook_identity,held,Pete Steward,2026-08-06,era_master_sheet.xlsx#AOM;sha256:f834c4f7837927774499eff4340c912784a3db10c2e19bd5d75a7f753df41438,"Workbook supplies label and hierarchy only; commercial/local identity, category conflict, or compound component/process semantics require citable evidence and structured review."
AOM_001872,Alkali,Supplement,Management/Livestock Management/Feed Characteristic/Feed Composition/Feed Ingredient/Supplement/Mineral/Alkali,Mineral,identity,approve_workbook_identity_scope,approved,Pete Steward,2026-08-06,era_master_sheet.xlsx#AOM;sha256:f834c4f7837927774499eff4340c912784a3db10c2e19bd5d75a7f753df41438,Canonical workbook establishes governed ingredient identity and hierarchy; all unasserted material facets remain unspecified.
AOM_001877,Clupeid Fish,Animal,Management/Livestock Management/Feed Characteristic/Feed Composition/Feed Ingredient/Animal/Fish/Clupeid Fish,Fish,identity,approve_workbook_identity_scope,approved,Pete Steward,2026-08-06,era_master_sheet.xlsx#AOM;sha256:f834c4f7837927774499eff4340c912784a3db10c2e19bd5d75a7f753df41438,Canonical workbook establishes governed ingredient identity and hierarchy; all unasserted material facets remain unspecified.
AOM_001879,Cod,Animal,Management/Livestock Management/Feed Characteristic/Feed Composition/Feed Ingredient/Animal/Fish/Cod,Fish,identity,approve_workbook_identity_scope,approved,Pete Steward,2026-08-06,era_master_sheet.xlsx#AOM;sha256:f834c4f7837927774499eff4340c912784a3db10c2e19bd5d75a7f753df41438,Canonical workbook establishes governed ingredient identity and hierarchy; all unasserted material facets remain unspecified.
AOM_001880,Cod Liver Oil,Animal,Management/Livestock Management/Feed Characteristic/Feed Composition/Feed Ingredient/Animal/Fish/Cod/Cod Liver Oil,Cod,,hold_ambiguous_workbook_identity,held,Pete Steward,2026-08-06,era_master_sheet.xlsx#AOM;sha256:f834c4f7837927774499eff4340c912784a3db10c2e19bd5d75a7f753df41438,"Workbook supplies label and hierarchy only; commercial/local identity, category conflict, or compound component/process semantics require citable evidence and structured review."
AOM_001882,Herring,Animal,Management/Livestock Management/Feed Characteristic/Feed Composition/Feed Ingredient/Animal/Fish/Herring,Fish,identity,approve_workbook_identity_scope,approved,Pete Steward,2026-08-06,era_master_sheet.xlsx#AOM;sha256:f834c4f7837927774499eff4340c912784a3db10c2e19bd5d75a7f753df41438,Canonical workbook establishes governed ingredient identity and hierarchy; all unasserted material facets remain unspecified.
AOM_001912,Unspecified Grass,Forage Plants,Management/Livestock Management/Feed Characteristic/Feed Composition/Feed Ingredient/Forage Plants/Cereal and Grass Forages/Unspecified Grass,Cereal and Grass Forages,category,approve_hierarchy_category_scope,approved,Pete Steward,2026-08-06,era_master_sheet.xlsx#AOM;sha256:f834c4f7837927774499eff4340c912784a3db10c2e19bd5d75a7f753df41438,"Canonical workbook path establishes controlled classification role; definition adds no biological, chemical, or nutritional claim."
AOM_001916,Crop Byproduct,Crop Byproduct,Management/Livestock Management/Feed Characteristic/Feed Composition/Feed Ingredient/Crop Byproduct,Feed Ingredient,category,approve_hierarchy_category_scope,approved,Pete Steward,2026-08-06,era_master_sheet.xlsx#AOM;sha256:f834c4f7837927774499eff4340c912784a3db10c2e19bd5d75a7f753df41438,"Canonical workbook path establishes controlled classification role; definition adds no biological, chemical, or nutritional claim."
AOM_001917,Unspecified Filler,Other Ingredients,Management/Livestock Management/Feed Characteristic/Feed Composition/Feed Ingredient/Other Ingredients/Unspecified Filler,Other Ingredients,category,approve_hierarchy_category_scope,approved,Pete Steward,2026-08-06,era_master_sheet.xlsx#AOM;sha256:f834c4f7837927774499eff4340c912784a3db10c2e19bd5d75a7f753df41438,"Canonical workbook path establishes controlled classification role; definition adds no biological, chemical, or nutritional claim."
AOM_001921,Vitalyte,Other Ingredients,Management/Livestock Management/Feed Characteristic/Feed Composition/Feed Ingredient/Other Ingredients/Vitalyte,Other Ingredients,,hold_ambiguous_workbook_identity,held,Pete Steward,2026-08-06,era_master_sheet.xlsx#AOM;sha256:f834c4f7837927774499eff4340c912784a3db10c2e19bd5d75a7f753df41438,"Workbook supplies label and hierarchy only; commercial/local identity, category conflict, or compound component/process semantics require citable evidence and structured review."
AOM_001922,Water,Other Ingredients,Management/Livestock Management/Feed Characteristic/Feed Composition/Feed Ingredient/Other Ingredients/Water,Other Ingredients,identity,approve_workbook_identity_scope,approved,Pete Steward,2026-08-06,era_master_sheet.xlsx#AOM;sha256:f834c4f7837927774499eff4340c912784a3db10c2e19bd5d75a7f753df41438,Canonical workbook establishes governed ingredient identity and hierarchy; all unasserted material facets remain unspecified.
AOM_001930,Trout Oil,Animal,Management/Livestock Management/Feed Characteristic/Feed Composition/Feed Ingredient/Animal/Fish/Trout /Trout Oil,Trout ,,hold_ambiguous_workbook_identity,held,Pete Steward,2026-08-06,era_master_sheet.xlsx#AOM;sha256:f834c4f7837927774499eff4340c912784a3db10c2e19bd5d75a7f753df41438,"Workbook supplies label and hierarchy only; commercial/local identity, category conflict, or compound component/process semantics require citable evidence and structured review."
AOM_001935,Suckled milk,Animal,Management/Livestock Management/Feed Characteristic/Feed Composition/Feed Ingredient/Animal/Milk/Suckled milk,Milk,identity,approve_workbook_identity_scope,approved,Pete Steward,2026-08-06,era_master_sheet.xlsx#AOM;sha256:f834c4f7837927774499eff4340c912784a3db10c2e19bd5d75a7f753df41438,Canonical workbook establishes governed ingredient identity and hierarchy; all unasserted material facets remain unspecified.
AOM_002060,Vitex simplex,Forage Plants,Management/Livestock Management/Feed Characteristic/Feed Composition/Feed Ingredient/Forage Plants/Forage Trees/Vitex simplex,Forage Trees,identity,approve_workbook_identity_scope,approved,Pete Steward,2026-08-06,era_master_sheet.xlsx#AOM;sha256:f834c4f7837927774499eff4340c912784a3db10c2e19bd5d75a7f753df41438,Canonical workbook establishes governed ingredient identity and hierarchy; all unasserted material facets remain unspecified.
AOM_002078,Egg,Animal Byproduct,Management/Livestock Management/Feed Characteristic/Feed Composition/Feed Ingredient/Animal Byproduct/Egg,Animal Byproduct,identity,approve_workbook_identity_scope,approved,Pete Steward,2026-08-06,era_master_sheet.xlsx#AOM;sha256:f834c4f7837927774499eff4340c912784a3db10c2e19bd5d75a7f753df41438,Canonical workbook establishes governed ingredient identity and hierarchy; all unasserted material facets remain unspecified.
AOM_002080,Lard,Animal Byproduct,Management/Livestock Management/Feed Characteristic/Feed Composition/Feed Ingredient/Animal Byproduct/Fat/Lard,Fat,identity,approve_workbook_identity_scope,approved,Pete Steward,2026-08-06,era_master_sheet.xlsx#AOM;sha256:f834c4f7837927774499eff4340c912784a3db10c2e19bd5d75a7f753df41438,Canonical workbook establishes governed ingredient identity and hierarchy; all unasserted material facets remain unspecified.
AOM_002081,Mixed Marine Hydrolysate,Animal Byproduct,Management/Livestock Management/Feed Characteristic/Feed Composition/Feed Ingredient/Animal Byproduct/Hydrolysate/Mixed Marine Hydrolysate,Hydrolysate,,hold_ambiguous_workbook_identity,held,Pete Steward,2026-08-06,era_master_sheet.xlsx#AOM;sha256:f834c4f7837927774499eff4340c912784a3db10c2e19bd5d75a7f753df41438,"Workbook supplies label and hierarchy only; commercial/local identity, category conflict, or compound component/process semantics require citable evidence and structured review."
AOM_002097,Fish Mix,Preformulated Feed,Management/Livestock Management/Feed Characteristic/Feed Composition/Feed Ingredient/Preformulated Feed/Fish Mix,Preformulated Feed,identity,approve_workbook_identity_scope,approved,Pete Steward,2026-08-06,era_master_sheet.xlsx#AOM;sha256:f834c4f7837927774499eff4340c912784a3db10c2e19bd5d75a7f753df41438,Canonical workbook establishes governed ingredient identity and hierarchy; all unasserted material facets remain unspecified.
AOM_002098,Poultry Feed,Preformulated Feed,Management/Livestock Management/Feed Characteristic/Feed Composition/Feed Ingredient/Preformulated Feed/Poultry Feed,Preformulated Feed,identity,approve_workbook_identity_scope,approved,Pete Steward,2026-08-06,era_master_sheet.xlsx#AOM;sha256:f834c4f7837927774499eff4340c912784a3db10c2e19bd5d75a7f753df41438,Canonical workbook establishes governed ingredient identity and hierarchy; all unasserted material facets remain unspecified.
AOM_002110,Chick Mash,Preformulated Feed,Management/Livestock Management/Feed Characteristic/Feed Composition/Feed Ingredient/Preformulated Feed/Chick Mash,Preformulated Feed,identity,approve_workbook_identity_scope,approved,Pete Steward,2026-08-06,era_master_sheet.xlsx#AOM;sha256:f834c4f7837927774499eff4340c912784a3db10c2e19bd5d75a7f753df41438,Canonical workbook establishes governed ingredient identity and hierarchy; all unasserted material facets remain unspecified.
AOM_002120,Poultry Litter Deep Stacked,Animal Manures,Management/Livestock Management/Feed Characteristic/Feed Composition/Feed Ingredient/Animal Manures/Poultry/Poultry Litter/Poultry Litter Deep Stacked,Poultry Litter,,hold_ambiguous_workbook_identity,held,Pete Steward,2026-08-06,era_master_sheet.xlsx#AOM;sha256:f834c4f7837927774499eff4340c912784a3db10c2e19bd5d75a7f753df41438,"Workbook supplies label and hierarchy only; commercial/local identity, category conflict, or compound component/process semantics require citable evidence and structured review."
AOM_002239,Polyalthia longifolia,Forage Plants,Management/Livestock Management/Feed Characteristic/Feed Composition/Feed Ingredient/Forage Plants/Forage Trees/Polyalthia longifolia,Forage Trees,identity,approve_workbook_identity_scope,approved,Pete Steward,2026-08-06,era_master_sheet.xlsx#AOM;sha256:f834c4f7837927774499eff4340c912784a3db10c2e19bd5d75a7f753df41438,Canonical workbook establishes governed ingredient identity and hierarchy; all unasserted material facets remain unspecified.
AOM_002246,Tuna,Animal,Management/Livestock Management/Feed Characteristic/Feed Composition/Feed Ingredient/Animal/Fish/Tuna,Fish,identity,approve_workbook_identity_scope,approved,Pete Steward,2026-08-06,era_master_sheet.xlsx#AOM;sha256:f834c4f7837927774499eff4340c912784a3db10c2e19bd5d75a7f753df41438,Canonical workbook establishes governed ingredient identity and hierarchy; all unasserted material facets remain unspecified.
AOM_002248,Termite,Animal,Management/Livestock Management/Feed Characteristic/Feed Composition/Feed Ingredient/Animal/Insect/Termite,Insect,identity,approve_workbook_identity_scope,approved,Pete Steward,2026-08-06,era_master_sheet.xlsx#AOM;sha256:f834c4f7837927774499eff4340c912784a3db10c2e19bd5d75a7f753df41438,Canonical workbook establishes governed ingredient identity and hierarchy; all unasserted material facets remain unspecified.
AOM_003062,Bidens diffusa,Forage Plants,Management/Livestock Management/Feed Characteristic/Feed Composition/Feed Ingredient/Forage Plants/Other Forage Plants/Bidens diffusa,Other Forage Plants,identity,approve_workbook_identity_scope,approved,Pete Steward,2026-08-06,era_master_sheet.xlsx#AOM;sha256:f834c4f7837927774499eff4340c912784a3db10c2e19bd5d75a7f753df41438,Canonical workbook establishes governed ingredient identity and hierarchy; all unasserted material facets remain unspecified.
AOM_003076,Probiotic,Probiotic,Management/Livestock Management/Feed Characteristic/Feed Composition/Feed Ingredient/Probiotic,Feed Ingredient,category,approve_hierarchy_category_scope,approved,Pete Steward,2026-08-06,era_master_sheet.xlsx#AOM;sha256:f834c4f7837927774499eff4340c912784a3db10c2e19bd5d75a7f753df41438,"Canonical workbook path establishes controlled classification role; definition adds no biological, chemical, or nutritional claim."
AOM_003084,Phosphate Salt Lick,Other Ingredients,Management/Livestock Management/Feed Characteristic/Feed Composition/Feed Ingredient/Other Ingredients/Mineral/Salt/Phosphate Salt Lick,Salt,identity,approve_workbook_identity_scope,approved,Pete Steward,2026-08-06,era_master_sheet.xlsx#AOM;sha256:f834c4f7837927774499eff4340c912784a3db10c2e19bd5d75a7f753df41438,Canonical workbook establishes governed ingredient identity and hierarchy; all unasserted material facets remain unspecified.
AOM_003100,Grazing,Grazing,Management/Livestock Management/Feed Characteristic/Feed Composition/Feed Ingredient/Grazing,Feed Ingredient,category,approve_hierarchy_category_scope,approved,Pete Steward,2026-08-06,era_master_sheet.xlsx#AOM;sha256:f834c4f7837927774499eff4340c912784a3db10c2e19bd5d75a7f753df41438,"Canonical workbook path establishes controlled classification role; definition adds no biological, chemical, or nutritional claim."
AOM_003203,Wood Ash,Other Ingredients,Management/Livestock Management/Feed Characteristic/Feed Composition/Feed Ingredient/Other Ingredients/Wood Ash,Other Ingredients,identity,approve_workbook_identity_scope,approved,Pete Steward,2026-08-06,era_master_sheet.xlsx#AOM;sha256:f834c4f7837927774499eff4340c912784a3db10c2e19bd5d75a7f753df41438,Canonical workbook establishes governed ingredient identity and hierarchy; all unasserted material facets remain unspecified.
AOM_003495,Growers Premix,Preformulated Feed,Management/Livestock Management/Feed Characteristic/Feed Composition/Feed Ingredient/Preformulated Feed/Growers Premix,Preformulated Feed,identity,approve_workbook_identity_scope,approved,Pete Steward,2026-08-06,era_master_sheet.xlsx#AOM;sha256:f834c4f7837927774499eff4340c912784a3db10c2e19bd5d75a7f753df41438,Canonical workbook establishes governed ingredient identity and hierarchy; all unasserted material facets remain unspecified.
AOM_003567,Cheka Residue,Crop Byproduct,Management/Livestock Management/Feed Characteristic/Feed Composition/Feed Ingredient/Crop Byproduct/Cereal ByProducts/Cheka/Cheka Residue,Cheka,,hold_ambiguous_workbook_identity,held,Pete Steward,2026-08-06,era_master_sheet.xlsx#AOM;sha256:f834c4f7837927774499eff4340c912784a3db10c2e19bd5d75a7f753df41438,"Workbook supplies label and hierarchy only; commercial/local identity, category conflict, or compound component/process semantics require citable evidence and structured review."
AOM_003577,Commercial Protein Supplement,Supplement,Management/Livestock Management/Feed Characteristic/Feed Composition/Feed Ingredient/Supplement/Commercial Protein Supplement,Supplement,identity,approve_workbook_identity_scope,approved,Pete Steward,2026-08-06,era_master_sheet.xlsx#AOM;sha256:f834c4f7837927774499eff4340c912784a3db10c2e19bd5d75a7f753df41438,Canonical workbook establishes governed ingredient identity and hierarchy; all unasserted material facets remain unspecified.
AOM_003693,Vachellia polyacantha,Forage Plants,Management/Livestock Management/Feed Characteristic/Feed Composition/Feed Ingredient/Forage Plants/Forage Trees/Vachellia polyacantha,Forage Trees,identity,approve_workbook_identity_scope,approved,Pete Steward,2026-08-06,era_master_sheet.xlsx#AOM;sha256:f834c4f7837927774499eff4340c912784a3db10c2e19bd5d75a7f753df41438,Canonical workbook establishes governed ingredient identity and hierarchy; all unasserted material facets remain unspecified.
AOM_003694,Vachellia erioloba,Forage Plants,Management/Livestock Management/Feed Characteristic/Feed Composition/Feed Ingredient/Forage Plants/Forage Trees/Vachellia erioloba,Forage Trees,identity,approve_workbook_identity_scope,approved,Pete Steward,2026-08-06,era_master_sheet.xlsx#AOM;sha256:f834c4f7837927774499eff4340c912784a3db10c2e19bd5d75a7f753df41438,Canonical workbook establishes governed ingredient identity and hierarchy; all unasserted material facets remain unspecified.
AOM_003747,Axtra XAP,Supplement,Management/Livestock Management/Feed Characteristic/Feed Composition/Feed Ingredient/Supplement/Enzyme/Axtra XAP,Enzyme,,hold_ambiguous_workbook_identity,held,Pete Steward,2026-08-06,era_master_sheet.xlsx#AOM;sha256:f834c4f7837927774499eff4340c912784a3db10c2e19bd5d75a7f753df41438,"Workbook supplies label and hierarchy only; commercial/local identity, category conflict, or compound component/process semantics require citable evidence and structured review."
AOM_003749,Natuzyme,Supplement,Management/Livestock Management/Feed Characteristic/Feed Composition/Feed Ingredient/Supplement/Enzyme/Natuzyme,Enzyme,,hold_ambiguous_workbook_identity,held,Pete Steward,2026-08-06,era_master_sheet.xlsx#AOM;sha256:f834c4f7837927774499eff4340c912784a3db10c2e19bd5d75a7f753df41438,"Workbook supplies label and hierarchy only; commercial/local identity, category conflict, or compound component/process semantics require citable evidence and structured review."
AOM_003760,Lime Slaked,Supplement,Management/Livestock Management/Feed Characteristic/Feed Composition/Feed Ingredient/Supplement/Mineral/Lime/Lime Slaked,Lime,identity,approve_workbook_identity_scope,approved,Pete Steward,2026-08-06,era_master_sheet.xlsx#AOM;sha256:f834c4f7837927774499eff4340c912784a3db10c2e19bd5d75a7f753df41438,Canonical workbook establishes governed ingredient identity and hierarchy; all unasserted material facets remain unspecified.
AOM_003829,Bread Waste,Other Ingredients,Management/Livestock Management/Feed Characteristic/Feed Composition/Feed Ingredient/Other Ingredients/Processed Food Byproducts/Bread Waste,Processed Food Byproducts,identity,approve_workbook_identity_scope,approved,Pete Steward,2026-08-06,era_master_sheet.xlsx#AOM;sha256:f834c4f7837927774499eff4340c912784a3db10c2e19bd5d75a7f753df41438,Canonical workbook establishes governed ingredient identity and hierarchy; all unasserted material facets remain unspecified.
AOM_003878,L-Tryptophan,Supplement,Management/Livestock Management/Feed Characteristic/Feed Composition/Feed Ingredient/Supplement/Amino Acid/L-Tryptophan,Amino Acid,identity,approve_workbook_identity_scope,approved,Pete Steward,2026-08-06,era_master_sheet.xlsx#AOM;sha256:f834c4f7837927774499eff4340c912784a3db10c2e19bd5d75a7f753df41438,Canonical workbook establishes governed ingredient identity and hierarchy; all unasserted material facets remain unspecified.
AOM_003889,Bole Soil,Supplement,Management/Livestock Management/Feed Characteristic/Feed Composition/Feed Ingredient/Supplement/Bole Soil,Supplement,identity,approve_workbook_identity_scope,approved,Pete Steward,2026-08-06,era_master_sheet.xlsx#AOM;sha256:f834c4f7837927774499eff4340c912784a3db10c2e19bd5d75a7f753df41438,Canonical workbook establishes governed ingredient identity and hierarchy; all unasserted material facets remain unspecified.
AOM_003907,Forest Pasture,Forage Plants,Management/Livestock Management/Feed Characteristic/Feed Composition/Feed Ingredient/Forage Plants/Cereal and Grass Forages/Forest Pasture,Cereal and Grass Forages,identity,approve_workbook_identity_scope,approved,Pete Steward,2026-08-06,era_master_sheet.xlsx#AOM;sha256:f834c4f7837927774499eff4340c912784a3db10c2e19bd5d75a7f753df41438,Canonical workbook establishes governed ingredient identity and hierarchy; all unasserted material facets remain unspecified.
AOM_003921,Hermosa sidoides,Forage Plants,Management/Livestock Management/Feed Characteristic/Feed Composition/Feed Ingredient/Forage Plants/Forage Trees/Hermosa sidoides,Forage Trees,identity,approve_workbook_identity_scope,approved,Pete Steward,2026-08-06,era_master_sheet.xlsx#AOM;sha256:f834c4f7837927774499eff4340c912784a3db10c2e19bd5d75a7f753df41438,Canonical workbook establishes governed ingredient identity and hierarchy; all unasserted material facets remain unspecified.
AOM_003980,Colostrum,Animal,Management/Livestock Management/Feed Characteristic/Feed Composition/Feed Ingredient/Animal/Milk/Colostrum,Milk,identity,approve_workbook_identity_scope,approved,Pete Steward,2026-08-06,era_master_sheet.xlsx#AOM;sha256:f834c4f7837927774499eff4340c912784a3db10c2e19bd5d75a7f753df41438,Canonical workbook establishes governed ingredient identity and hierarchy; all unasserted material facets remain unspecified.
AOM_003991,Ruminant Premix,Preformulated Feed,Management/Livestock Management/Feed Characteristic/Feed Composition/Feed Ingredient/Preformulated Feed/Ruminant Premix,Preformulated Feed,identity,approve_workbook_identity_scope,approved,Pete Steward,2026-08-06,era_master_sheet.xlsx#AOM;sha256:f834c4f7837927774499eff4340c912784a3db10c2e19bd5d75a7f753df41438,Canonical workbook establishes governed ingredient identity and hierarchy; all unasserted material facets remain unspecified.
AOM_003994,Poly-enzyme,Supplement,Management/Livestock Management/Feed Characteristic/Feed Composition/Feed Ingredient/Supplement/Enzyme/Poly-enzyme,Enzyme,identity,approve_workbook_identity_scope,approved,Pete Steward,2026-08-06,era_master_sheet.xlsx#AOM;sha256:f834c4f7837927774499eff4340c912784a3db10c2e19bd5d75a7f753df41438,Canonical workbook establishes governed ingredient identity and hierarchy; all unasserted material facets remain unspecified.
AOM_004433,Anti-coccidia,Supplement,Management/Livestock Management/Feed Characteristic/Feed Composition/Feed Ingredient/Supplement/Anti-coccidia,Supplement,identity,approve_workbook_identity_scope,approved,Pete Steward,2026-08-06,era_master_sheet.xlsx#AOM;sha256:f834c4f7837927774499eff4340c912784a3db10c2e19bd5d75a7f753df41438,Canonical workbook establishes governed ingredient identity and hierarchy; all unasserted material facets remain unspecified.
AOM_006006,Tata,Crop Byproduct,Management/Livestock Management/Feed Characteristic/Feed Composition/Feed Ingredient/Crop Byproduct/Cereal ByProducts/Tata,Cereal ByProducts,,hold_ambiguous_workbook_identity,held,Pete Steward,2026-08-06,era_master_sheet.xlsx#AOM;sha256:f834c4f7837927774499eff4340c912784a3db10c2e19bd5d75a7f753df41438,"Workbook supplies label and hierarchy only; commercial/local identity, category conflict, or compound component/process semantics require citable evidence and structured review."
AOM_006020,Alchornea cordifolia,Forage Plants,Management/Livestock Management/Feed Characteristic/Feed Composition/Feed Ingredient/Forage Plants/Forage Trees/Alchornea cordifolia,Forage Trees,identity,approve_workbook_identity_scope,approved,Pete Steward,2026-08-06,era_master_sheet.xlsx#AOM;sha256:f834c4f7837927774499eff4340c912784a3db10c2e19bd5d75a7f753df41438,Canonical workbook establishes governed ingredient identity and hierarchy; all unasserted material facets remain unspecified.
AOM_006021,Andropogon tectorum,Forage Plants,Management/Livestock Management/Feed Characteristic/Feed Composition/Feed Ingredient/Forage Plants/Cereal and Grass Forages/Andropogon tectorum,Cereal and Grass Forages,identity,approve_workbook_identity_scope,approved,Pete Steward,2026-08-06,era_master_sheet.xlsx#AOM;sha256:f834c4f7837927774499eff4340c912784a3db10c2e19bd5d75a7f753df41438,Canonical workbook establishes governed ingredient identity and hierarchy; all unasserted material facets remain unspecified.
AOM_006094,Eragrostis racemosa,Forage Plants,Management/Livestock Management/Feed Characteristic/Feed Composition/Feed Ingredient/Forage Plants/Cereal and Grass Forages/Eragrostis racemosa,Cereal and Grass Forages,identity,approve_workbook_identity_scope,approved,Pete Steward,2026-08-06,era_master_sheet.xlsx#AOM;sha256:f834c4f7837927774499eff4340c912784a3db10c2e19bd5d75a7f753df41438,Canonical workbook establishes governed ingredient identity and hierarchy; all unasserted material facets remain unspecified.
AOM_006097,Festuca ovina,Forage Plants,Management/Livestock Management/Feed Characteristic/Feed Composition/Feed Ingredient/Forage Plants/Cereal and Grass Forages/Festuca ovina,Cereal and Grass Forages,identity,approve_workbook_identity_scope,approved,Pete Steward,2026-08-06,era_master_sheet.xlsx#AOM;sha256:f834c4f7837927774499eff4340c912784a3db10c2e19bd5d75a7f753df41438,Canonical workbook establishes governed ingredient identity and hierarchy; all unasserted material facets remain unspecified.
AOM_006125,Magnesium Sulfate,Supplement,Management/Livestock Management/Feed Characteristic/Feed Composition/Feed Ingredient/Supplement/Mineral/Magnesium Sulfate,Mineral,identity,approve_workbook_identity_scope,approved,Pete Steward,2026-08-06,era_master_sheet.xlsx#AOM;sha256:f834c4f7837927774499eff4340c912784a3db10c2e19bd5d75a7f753df41438,Canonical workbook establishes governed ingredient identity and hierarchy; all unasserted material facets remain unspecified.
AOM_006199,Teff,Crop Byproduct,Management/Livestock Management/Feed Characteristic/Feed Composition/Feed Ingredient/Crop Byproduct/Cereal ByProducts/Teff,Cereal ByProducts,identity,approve_workbook_identity_scope,approved,Pete Steward,2026-08-06,era_master_sheet.xlsx#AOM;sha256:f834c4f7837927774499eff4340c912784a3db10c2e19bd5d75a7f753df41438,Canonical workbook establishes governed ingredient identity and hierarchy; all unasserted material facets remain unspecified.
AOM_006200,Garlic Oil,Crop Product,Management/Livestock Management/Feed Characteristic/Feed Composition/Feed Ingredient/Crop Product/Vegetable Products/Garlic/Garlic Oil,Garlic,,hold_ambiguous_workbook_identity,held,Pete Steward,2026-08-06,era_master_sheet.xlsx#AOM;sha256:f834c4f7837927774499eff4340c912784a3db10c2e19bd5d75a7f753df41438,"Workbook supplies label and hierarchy only; commercial/local identity, category conflict, or compound component/process semantics require citable evidence and structured review."
AOM_006222,Unspecified Forage,Crop Byproduct,Management/Livestock Management/Feed Characteristic/Feed Composition/Feed Ingredient/Crop Byproduct/Cereal ByProducts/Unspecified Forage,Cereal ByProducts,category,approve_hierarchy_category_scope,approved,Pete Steward,2026-08-06,era_master_sheet.xlsx#AOM;sha256:f834c4f7837927774499eff4340c912784a3db10c2e19bd5d75a7f753df41438,"Canonical workbook path establishes controlled classification role; definition adds no biological, chemical, or nutritional claim."
AOM_006236,Nassella Trichotoma,Forage Plants,Management/Livestock Management/Feed Characteristic/Feed Composition/Feed Ingredient/Forage Plants/Cereal and Grass Forages/Nassella Trichotoma,Cereal and Grass Forages,identity,approve_workbook_identity_scope,approved,Pete Steward,2026-08-06,era_master_sheet.xlsx#AOM;sha256:f834c4f7837927774499eff4340c912784a3db10c2e19bd5d75a7f753df41438,Canonical workbook establishes governed ingredient identity and hierarchy; all unasserted material facets remain unspecified.
AOM_006241,Unspecified Yeast,Other Ingredients,Management/Livestock Management/Feed Characteristic/Feed Composition/Feed Ingredient/Other Ingredients/Unspecified Yeast,Other Ingredients,category,approve_hierarchy_category_scope,approved,Pete Steward,2026-08-06,era_master_sheet.xlsx#AOM;sha256:f834c4f7837927774499eff4340c912784a3db10c2e19bd5d75a7f753df41438,"Canonical workbook path establishes controlled classification role; definition adds no biological, chemical, or nutritional claim."
AOM_006331,Agrivate,Supplement,Management/Livestock Management/Feed Characteristic/Feed Composition/Feed Ingredient/Supplement/Mineral/Agrivate,Mineral,,hold_ambiguous_workbook_identity,held,Pete Steward,2026-08-06,era_master_sheet.xlsx#AOM;sha256:f834c4f7837927774499eff4340c912784a3db10c2e19bd5d75a7f753df41438,"Workbook supplies label and hierarchy only; commercial/local identity, category conflict, or compound component/process semantics require citable evidence and structured review."
AOM_006334,Protected Fat,Supplement,Management/Livestock Management/Feed Characteristic/Feed Composition/Feed Ingredient/Supplement/Protected Fat,Supplement,identity,approve_workbook_identity_scope,approved,Pete Steward,2026-08-06,era_master_sheet.xlsx#AOM;sha256:f834c4f7837927774499eff4340c912784a3db10c2e19bd5d75a7f753df41438,Canonical workbook establishes governed ingredient identity and hierarchy; all unasserted material facets remain unspecified.
AOM_006339,Anti fungi,Supplement,Management/Livestock Management/Feed Characteristic/Feed Composition/Feed Ingredient/Supplement/Anti fungi,Supplement,identity,approve_workbook_identity_scope,approved,Pete Steward,2026-08-06,era_master_sheet.xlsx#AOM;sha256:f834c4f7837927774499eff4340c912784a3db10c2e19bd5d75a7f753df41438,Canonical workbook establishes governed ingredient identity and hierarchy; all unasserted material facets remain unspecified.
AOM_006340,Propionibacterium freudenreinchi,Probiotic,Management/Livestock Management/Feed Characteristic/Feed Composition/Feed Ingredient/Probiotic/Propionibacterium freudenreinchi,Probiotic,identity,approve_workbook_identity_scope,approved,Pete Steward,2026-08-06,era_master_sheet.xlsx#AOM;sha256:f834c4f7837927774499eff4340c912784a3db10c2e19bd5d75a7f753df41438,Canonical workbook establishes governed ingredient identity and hierarchy; all unasserted material facets remain unspecified.
AOM_006349,Pleurotus ostreatus,Other Ingredients,Management/Livestock Management/Feed Characteristic/Feed Composition/Feed Ingredient/Other Ingredients/Pleurotus ostreatus,Other Ingredients,identity,approve_workbook_identity_scope,approved,Pete Steward,2026-08-06,era_master_sheet.xlsx#AOM;sha256:f834c4f7837927774499eff4340c912784a3db10c2e19bd5d75a7f753df41438,Canonical workbook establishes governed ingredient identity and hierarchy; all unasserted material facets remain unspecified.
AOM_006351,Bambusa tulda,Forage Plants,Management/Livestock Management/Feed Characteristic/Feed Composition/Feed Ingredient/Forage Plants/Other Forage Plants/Bambusa tulda,Other Forage Plants,identity,approve_workbook_identity_scope,approved,Pete Steward,2026-08-06,era_master_sheet.xlsx#AOM;sha256:f834c4f7837927774499eff4340c912784a3db10c2e19bd5d75a7f753df41438,Canonical workbook establishes governed ingredient identity and hierarchy; all unasserted material facets remain unspecified.
AOM_006375,Gigantochloa pseudoarundinacea,Forage Plants,Management/Livestock Management/Feed Characteristic/Feed Composition/Feed Ingredient/Forage Plants/Other Forage Plants/Gigantochloa pseudoarundinacea,Other Forage Plants,identity,approve_workbook_identity_scope,approved,Pete Steward,2026-08-06,era_master_sheet.xlsx#AOM;sha256:f834c4f7837927774499eff4340c912784a3db10c2e19bd5d75a7f753df41438,Canonical workbook establishes governed ingredient identity and hierarchy; all unasserted material facets remain unspecified.
AOM_006389,Organic Acid,Organic Acid,Management/Livestock Management/Feed Characteristic/Feed Composition/Feed Ingredient/Organic Acid,Feed Ingredient,category,approve_hierarchy_category_scope,approved,Pete Steward,2026-08-06,era_master_sheet.xlsx#AOM;sha256:f834c4f7837927774499eff4340c912784a3db10c2e19bd5d75a7f753df41438,"Canonical workbook path establishes controlled classification role; definition adds no biological, chemical, or nutritional claim."
