concept_id,preferred_label
AOM_000693,Grass Local
AOM_000695,Luscious Pasture
AOM_000748,Asperozym (Fibrolytic Enzymes)
AOM_000749,Axtra Phy Broiler
AOM_000765,Maclik
AOM_001105,Lake Shells
AOM_001486,Lignobond
AOM_001497,Megalac
AOM_001500,ACTIPAL HP 1
AOM_001501,AquaNutro Abalone Grower
AOM_001508,Lactobacillus plantarum
AOM_001579,Elancoban
AOM_001826,ChemBind
AOM_001831,Vitalite
AOM_001868,Toxynil
AOM_001870,Prime Gluten 60
AOM_001921,Vitalyte
AOM_002081,Mixed Marine Hydrolysate
AOM_003567,Cheka Residue
AOM_003747,Axtra XAP
AOM_003749,Natuzyme
AOM_006006,Tata
AOM_006331,Agrivate
